盗汗,0
核糖核酸,1
局部疼痛,2
氯霉素胶囊,3
复方五味子片,4
沙丁胺醇,5
美扑伪麻口服溶液,6
滴虫性阴道炎,7
乳酸钠注射液,8
盐酸伊托必利,9
消旋山莨菪碱片,10
依地酸钙钠,11
胸腺肽肠溶,12
胃肠功能不全,13
维生素D,14
参维灵,15
运动不能性发作,16
厄贝沙坦,17
美司,18
青霉素V钾胶囊,19
葡萄糖酸氯己定软膏,20
有机磷酸酯类解毒药及其他解毒药,21
盐酸索他洛尔注射液,22
大叶性肺炎,23
阿米巴病,24
胃蛋白酶颗粒,25
生殖器感染,26
慢性结膜炎,27
血管运动性鼻炎,28
还原型谷胱甘肽,29
双氯芬酸二乙胺凝胶,30
注射用吗替麦考酚酯,31
血栓闭塞性脉管炎,32
宫颈炎,33
盐酸托哌酮,34
阿昔莫司,35
重型病毒性肝炎,36
七叶皂苷钠,37
慢性胃炎,38
肾盂膀胱炎,39
流行性腮腺炎活疫苗,40
咪达唑仑,41
左炔诺孕酮硅胶棒,42
苯乙双胍,43
聚维酮碘,44
上呼吸道感染性疾病,45
乙氧黄酮,46
羧甲基纤维素钠,47
胎儿神经管畸形,48
吉非贝齐,49
羧苄西林,50
运动性软组织损伤,51
七氟烷,52
劳拉西泮,53
头孢克洛缓释胶囊,54
盐酸氨溴索氯化钠注射液,55
氢溴酸二氢加兰他敏,56
急慢性咽炎,57
精制破伤风抗毒素,58
咖啡因,59
硬皮病,60
皮肤念珠菌病,61
可溶性纤维素钠贴膏,62
前庭大腺炎,63
埃索美拉唑镁肠溶,64
蔗糖铁注射液,65
利血平,66
酮康唑片,67
水合氯醛,68
盐酸纳曲酮片,69
右旋糖酐20葡萄糖注射液,70
二甲硅油,71
吗多明,72
双炔失碳酯片,73
烷化剂,74
灭菌水,75
慢性宫颈炎,76
用色甘酸钠,77
聚甲酚磺醛,78
克林霉素磷酸酯外用,79
缺锌性疾病,80
低精蛋白锌胰岛素,81
中枢神经兴奋药,82
中老年部分性雄激素缺乏综合征,83
环孢素,84
枸橼酸锌片,85
氯硝柳胺,86
盐酸多沙普仑注射液,87
中毒的解救,88
抗消化性溃疡药,89
丙氨酰谷氨酰胺,90
尼莫地平分散片,91
软性下疳,92
注射用阿糖腺苷,93
术后血栓形成,94
α-酮酸,95
早期妊娠,96
盐酸布桂嗪注射液,97
兴奋躁动,98
双水杨酯片,99
反流性食管炎,100
脏器移植术后,101
哌库溴铵,102
小儿四维葡钙颗粒,103
麦迪霉素胶囊,104
氯胺酮,105
盐酸头孢他美酯片,106
聚磺苯乙烯钠,107
眼红,108
石油蒸馏液吸入,109
注射用降纤酶,110
其他诊断,111
小血管止血,112
佐匹克隆片,113
氟尿嘧啶,114
唇干裂,115
善存液,116
福莫司汀,117
痤疮,118
阿奇霉素磷酸二氢钠,119
围手术期高血压,120
妊娠期贫血,121
小檗碱甲氧苄啶,122
期前收缩,123
盐酸布替萘芬,124
软组织疾病所致的局部疼痛,125
曲匹布通,126
椎管内阻滞,127
注射用呋脲苄青霉素钾,128
鞣酸苦参碱片,129
过敏性皮炎,130
头孢羟氨苄,131
双氢青蒿素哌喹,132
地方性斑疹伤寒,133
面色无华,134
甲磺酸去铁胺,135
土拉菌病,136
氯硝西泮,137
富马酸酮替芬鼻腔喷雾,138
盐酸西替利嗪,139
上消化道出血,140
躁狂-抑郁症,141
氨力农,142
琥珀酸亚铁,143
罗库溴铵,144
维胺颗粒,145
硫酸沙丁胺醇注射液,146
注射用赖氨匹林,147
心房扑动经电转复后,148
亚硒酸钠片,149
酚美愈伪麻口服溶液,150
葡醛内酯片,151
卡铂,152
枯草热,153
心脏复苏,154
羟基脲片,155
绒毛膜上皮癌,156
氧氟沙星滴耳液,157
马来酸罗格列酮片,158
倍他司丁,159
过氧化氢溶液,160
妊娠妇女,161
亚硫酸氢钠甲萘醌片,162
氨甲环酸,163
手足皲裂,164
氨基酸（18AA-I）,165
吡硫醇,166
尖锐湿疣,167
氯碘羟喹,168
开塞露（含山梨醇）,169
苔藓类皮肤病,170
马来酸氯苯那敏滴丸,171
肾石症,172
乙胺嘧啶,173
骨关节炎,174
吡诺克辛钠,175
纤维组织炎,176
轻中度高血压,177
椎动脉缺血,178
氟西泮,179
依托泊苷注射液,180
氯芬黄敏片,181
胸腺五肽,182
盐酸二氧丙嗪,183
晕动病,184
水杨酸钠碘化钠注射液,185
阻塞性肺气肿,186
溶菌酶含片,187
去氧孕烯,188
炔诺孕酮炔雌醚片,189
棓丙酯,190
刺五加硫胺,191
王不留行,192
注射用盐酸阿柔比星,193
骨痛,194
乙酰半胱氨酸,195
盐酸多巴酚丁胺,196
疮疹性口腔炎,197
蒿甲醚,198
复方乳酸山梨醇注射液,199
氯喹那多-普罗雌烯阴道片,200
硫酸钡（Ⅱ型）干混悬剂,201
手术后痛,202
替硝唑片,203
氢溴酸樟柳碱片,204
食物或药物中毒,205
精氨酸,206
善存银,207
注射用三磷酸腺苷二钠,208
六合维生素,209
盐酸黄连素,210
鹿瓜多肽,211
盐酸环丙沙星眼膏,212
尿素贴膏,213
沙美特罗,214
天麻素,215
硫酸小诺霉素注射液,216
硫酸胍乙啶片,217
医院获得性肺炎,218
司氟沙星,219
羟丙甲纤维素,220
氯唑沙宗,221
碱中毒,222
马来酸依那普利分散片,223
雷公藤内酯,224
儿童多动症,225
外科麻醉期间进行控制性降压,226
贝母氯化铵,227
缩宫素,228
小儿感冒,229
复方茶碱,230
阿仑膦酸,231
巨幼细胞性贫血,232
三维亚铁,233
煤焦油,234
湿疹样皮炎,235
烟酸肌醇酯,236
盐酸氯胺酮注射液,237
流行性腮腺炎,238
门冬酰胺片,239
喷托维林氯化铵片,240
尿路感染,241
贝诺酯,242
浅表真菌感染,243
危重疟疾,244
严重创伤,245
特非那定片,246
克林霉素磷酸酯注射液,247
葡萄糖酸氯己定溶液,248
注射用氨苄西林钠氯唑西林钠,249
长春西丁,250
浮肿,251
头孢哌酮钠舒巴坦钠（2:1）,252
乙酰吉他霉素口含片,253
红霉素,254
水肿,255
炎性肠病药,256
赖氨匹林,257
外周动脉栓塞,258
维生素K缺乏,259
小儿复方氨酚烷胺片,260
头孢丙烯干混悬剂,261
阿莫西林双氯西林钠片,262
桉油,263
甲氧沙林片,264
支原体性肺炎,265
复方硫酸软骨素滴眼液,266
利鲁唑胶囊,267
羟乙基淀粉,268
昔萘酸沙美特罗,269
维生素B19,270
氢溴酸右美沙芬咀嚼片,271
磷酸可待因缓释片,272
镇静催眠药,273
甲磺酸二氢麦角碱,274
抗感染药,275
氯诺昔康,276
木糖醇颗粒,277
加压素,278
咳痰,279
唇癌,280
白细胞减少症,281
复方盐酸伪麻黄碱缓释胶囊,282
特拉唑嗪,283
手术中的肌肉松弛,284
酒石酸双氢可待因片,285
克霉唑乳膏,286
氨基酸（18-B）,287
异维A酸凝胶,288
愈酚喷托异丙嗪颗粒,289
氯沙坦钾片,290
痛风性关节炎,291
氯己定,292
预激综合征伴室上性心动过速,293
乳糖酸红霉素,294
复方麝香草酚撒粉,295
药物过敏,296
社区肺部感染,297
应激状态,298
复方吡拉西坦脑蛋白水解物片,299
注射用硫酸阿米卡星,300
麦白霉素,301
血管性头痛,302
聚维酮碘软膏,303
利可君,304
乳酸依沙吖啶溶液,305
苦参碱注射液,306
夜间多梦易醒,307
卡马西平,308
甲氯芬那酸,309
破伤风免疫球蛋白,310
复方阿嗪米特肠溶片,311
慢性迁延性肝炎,312
注射用利福平,313
头孢匹胺钠,314
糠甾醇片,315
硝酸银,316
特非那丁颗粒,317
乳酸钠,318
西咪替丁胶囊,319
氯化钠,320
乳酸钠溶液,321
萝巴新,322
亚油酸胶丸,323
中毒,324
土霉素片,325
肺气肿,326
盐酸克林霉素棕榈酸酯颗粒剂,327
椎关节强直,328
肠癌,329
沙门菌属肠炎,330
灵孢多糖,331
三叉神经痛,332
双氯芬酸钠栓（Ⅱ）,333
原发性纤维蛋白溶解亢进,334
萝芙木片,335
糖尿病所致的动脉病,336
倍他胡萝卜素胶丸,337
盐酸氟奋乃静,338
盐酸巴氨西林片,339
注射用低分子量肝素钠,340
善存,341
厌氧菌感染,342
眼睑发炎,343
抗痛风药,344
痰粘,345
乳酸钙咀嚼片,346
盐酸尼卡地平,347
双羟萘酸噻嘧啶片,348
复方碘口服溶液,349
甲硝唑含漱液,350
硫酸核糖霉素注射液,351
胃幽门螺旋杆菌,352
小儿大黄碳酸氢钠片,353
反酸,354
寻常痤疮,355
茶碱沙丁胺醇,356
六维胶丸,357
耳鼻咽喉科,358
磺胺嘧啶锌,359
盐酸米诺环素,360
鱼石脂,361
克洛曲片,362
二氟尼柳胶囊,363
甲异靛片,364
氧氟沙星栓,365
六维,366
氟哌啶醇,367
已烯雌酚片,368
奥昔布宁,369
胃肠推动药,370
胆石症,371
注射用盐酸阿糖胞苷,372
美司钠注射液,373
五氟利多,374
甲睾酮片,375
风湿性关节炎,376
三唑仑,377
锝[99mTc]聚合白蛋白注射液,378
脱氧核苷酸钠片,379
盐酸青藤碱肠溶片,380
小儿四维葡钙片,381
妥洛特罗,382
盐酸洛非西定片,383
氯甲双磷酸二钠,384
平滑肌痉挛,385
水飞蓟宾胶囊,386
复方卡比多巴片,387
新霉素氟轻松软膏,388
马尿酸乌洛托品片,389
山梨醇注射液,390
注射用硫酸链霉素,391
真菌性角膜炎,392
乙型肝炎免疫球蛋白,393
甲状腺片,394
肾病综合症,395
Ⅱ型单纯疱疹的感染,396
硒酵母,397
参维灵片,398
氯芬待因,399
助消化药,400
氯化亚铊[201Tl],401
维生素B6缺乏症,402
匹莫林片,403
枸橼酸铋雷尼替丁,404
妊娠中毒症,405
黏膜过敏,406
浓甲硝唑含漱液,407
锥体外系症状,408
支原体属感染,409
布地奈德,410
呃逆,411
精神分裂症,412
穿琥宁,413
甲沟炎,414
输血用枸橼酸钠注射液,415
克拉霉素,416
流行性斑疹伤寒,417
软组织风湿病,418
急性重症过敏反应,419
皮质类固醇,420
头孢唑肟,421
坐骨神经痛,422
痰多,423
氢溴酸高乌甲素注射液,424
中性胰岛素,425
牙痛,426
氯霉素片,427
他唑巴坦钠,428
盐酸普罗帕酮注射液,429
乳酸亚铁,430
羟乙膦酸钠,431
维生素B1缺乏,432
维生素C注射液,433
盐酸异丙肾上腺素片,434
柳氮磺吡啶片,435
九维片,436
硫酸小诺霉素,437
心跳骤停复苏后血压维持,438
亚锡焦磷酸钠,439
盐酸甲氧明注射液,440
氢溴酸西酞普兰片,441
维A酸,442
盐酸维拉帕米注射液,443
羟乙膦酸钠片,444
注射用硫酸抗敌素,445
硝酸异山梨酯,446
大脑功能恢复药,447
烟酸,448
牛磺酸颗粒,449
全身麻醉前给药,450
酚苄明,451
小儿复方贝诺酯维B1咀嚼片,452
依替膦酸,453
慢性湿疹,454
甲状腺素碘塞罗宁,455
口腔炎,456
尿道炎,457
呼吸系统感染,458
突发性耳聋,459
充血性心力衰竭,460
关节痛,461
盐酸妥拉唑林注射液,462
尼美舒利干混悬剂,463
注射用盐酸胺碘酮,464
组织缺氧急救,465
盐酸哌唑嗪,466
重酒石酸间羟胺,467
甲状腺素碘塞罗宁滴眼液,468
富马酸亚铁,469
盐酸阿米替林片,470
奥利司他胶囊,471
氯酚待因,472
缺血性脑卒中,473
脂溶性维生素注射液（Ⅱ）,474
顺铂氯化钠注射液,475
阿西美辛,476
烧伤创口感染,477
西咪替丁咀嚼片,478
酮康他索,479
盐酸卡波罗孟,480
酒石酸美托洛尔注射液,481
尼氟酸,482
慢性心功能不全,483
硫酸阿托品片,484
肠内营养乳（TP）,485
枸橼酸西地那非,486
盐酸尼卡地平片,487
硝普,488
盐酸芬氟拉明片,489
原发卵巢衰竭,490
室性早搏,491
氢溴酸加兰他敏注射液,492
伯氨喹,493
替加氟氯化钠,494
维生素B1注射液,495
磷霉素钙片,496
托西溴苄铵,497
盐酸苯海索,498
细菌感染,499
嗜铬细胞瘤切除术后,500
更年期综合症,501
细菌性肠道感染,502
痛风,503
弥漫性细支气管炎,504
水肿性疾病,505
确诊重症肌无力,506
循环功能不全,507
乳酶生片,508
磷酸哌喹片,509
盐酸曲吡那敏片,510
阴虱,511
薄荷麝香草酚,512
烟酰胺注射液,513
地诺前列酮,514
利托君,515
莫海林片,516
外科手术前的预防用药,517
钩虫病,518
马洛替酯缓释片,519
利福平异烟肼胶囊,520
高钾血症,521
维生素B14,522
杆菌肽,523
右旋糖酐40氯化钠注射液,524
索他洛尔,525
富马酸氯马斯汀,526
吗替麦考酚酯片,527
睑板腺炎,528
痰液稠厚,529
盐酸二氧丙嗪片,530
氯化钠注射液,531
中/长链脂肪乳注射液,532
抗吸虫病药,533
缺钙,534
注射用头孢唑林钠,535
依帕司他胶囊,536
阵发心房扑动,537
类毒素类,538
盐酸左旋咪唑丸,539
双氯芬酸钠肠溶,540
维生素缺乏,541
N-[(S)-1-(乙氧羰基)-3-苯丙基]-L-丙氨酰-L-脯氨酸马来酸盐,542
门冬酰胺酶,543
甲胂酸钠注射液,544
替硝唑栓,545
盐酸地芬尼多片,546
口腔或上呼吸道感染,547
盐酸布比卡因,548
盐酸洛美沙星葡萄糖注射液,549
注射用盐酸去氧肾上腺素,550
伤寒菌苗,551
曲安奈德益康唑乳膏,552
泛影酸钠,553
19氨基酸注射液-500,554
视网膜出血,555
骨髓炎,556
内膜炎,557
抗心律失常药,558
盐酸万古霉素,559
抗乙肝免疫核糖核酸,560
鼻窦炎,561
去乙酰毛花苷,562
硫酸胍乙啶,563
泼尼松龙,564
维生素D10,565
呼吸循环衰竭,566
中毒性肝损害,567
依诺沙星胶囊,568
头孢他啶,569
盐酸美沙酮,570
哮喘型支气管炎,571
中/长链脂肪乳注射液（C6-24）,572
甲泼尼龙琥珀酸钠,573
氧化锌软膏,574
过敏性鼻炎,575
慢性活动性肝炎,576
托吡酯片,577
手术后功能性肠胀气,578
盐酸奥布卡因凝胶,579
失眠,580
维生素D缺乏症,581
拉坦前列素,582
止呕,583
胃溃疡,584
药物性皮肤萎缩,585
复方氨基酸注射液（18-B）,586
氨咖麻敏胶囊,587
聚乙烯醇滴眼液,588
垂体后叶素,589
鼻充血,590
盐酸精氨酸注射液,591
烧伤创面,592
盐酸去氯羟嗪片,593
多维生素,594
慢性肺心病,595
利巴韦林含片,596
盐酸克林霉素棕榈酸酯,597
塞替派,598
慢性乙型肝炎,599
体弱,600
萘普生,601
苯唑西林钠,602
小袋氯化钾,603
哮喘和支气管扩张感染,604
外伤后神经痛,605
血液透析,606
中枢性或肾性尿崩症,607
磷酸萘酚喹片,608
盐酸吗啉胍,609
透明质酸钠,610
牛磺酸,611
注射用硫酸妥布霉素,612
本芴醇,613
克霉唑涂膜,614
六甲蜜胺,615
皮肤软组织,616
氯雷他定,617
软组织感染,618
甲硫酸新斯的明,619
乙酰胺,620
盐酸多塞平注射液,621
青霉素V钾颗粒,622
注射用福莫司汀,623
牡蛎碳酸钙胶囊,624
多痰,625
呼吸兴奋药,626
栓塞性疾病,627
氯霉素滴眼液,628
阿莫西林,629
注射用甲钴胺,630
腹胀,631
四维葡萄糖,632
阿莫西林克拉维酸钾分散片（2:1）,633
注射用顺铂,634
制霉素阴道栓,635
诊断甲状腺功能低下的病变部位,636
慢性肾盂肾炎,637
葡萄糖酸钙口服液,638
氯硝西泮注射液,639
麻黄碱,640
甲磺酸酚妥拉明,641
缺铁,642
三磷酸胞苷二钠,643
盐酸地拉卓胶囊,644
氯米芬,645
抗休克药,646
牙龈炎,647
九维鱼肝油,648
两性霉素B,649
全身麻醉药,650
炔诺孕酮,651
神经性贪食症,652
利凡诺,653
水杨酸镁,654
急性咽炎,655
心肺复苏,656
生殖细胞肿瘤,657
萘敏维滴眼液,658
去氢胆酸,659
氟马西尼,660
慢性低钙血症,661
可溶性纤维素钠,662
小儿贝诺酯维B1咀嚼片,663
磺胺嘧啶银,664
抑郁性精神障碍,665
注射用香菇多糖,666
奥诺前列素,667
萘啶酸,668
溴异丙东莨菪碱,669
叶酸,670
阿司匹林分散片,671
盐酸苄普地尔,672
氟西奈德,673
硝酸毛果芸香碱注射液,674
马来酸哌克昔林,675
糠甾醇,676
肝癌,677
食母生片,678
胰岛素注射液,679
庚酸睾酮,680
盆腔炎,681
右旋糖酐70,682
盐酸黄连素片,683
雷米普利片,684
心源性肺水肿,685
氯化钾片,686
克罗米通,687
卡莫氟,688
盐酸阿夫唑嗪片,689
邻碘[131I]马尿酸钠注射液,690
愈酚待因口服溶液,691
盐酸曲马多片,692
盐酸西替利嗪胶囊,693
溴米因注射液,694
硝酸士的宁注射液,695
消化道出血,696
硝酸异山梨酯气雾剂,697
绒癌,698
烟酸占替诺注射液,699
脱氧核苷酸钠,700
孟鲁司特钠咀嚼片,701
急性胃肠炎,702
顽固性充血性心力衰竭,703
马来酸氯苯那敏片,704
复方磺胺甲恶唑片,705
矽肺,706
千金藤啶碱片,707
盐酸赖氨酸片,708
膦甲酸钠氯化钠注射液,709
幽门螺杆菌所致的胃窦炎,710
荧光素钠注射液,711
盐酸舒托必利注射液,712
缩合葡萄糖氯化钠注射液,713
尼可刹米注射液,714
维生素 E．C 颗粒剂,715
脱氧核苷酸钠注射液,716
局限性神经性皮炎,717
癣病合并感染,718
头疼,719
硫软膏,720
盐酸林可霉素口服溶液,721
盐酸氯米帕明,722
美雄酮片,723
依托芬那酯,724
乙酰水杨酸,725
氧氟沙星颗粒,726
骨折,727
盐酸西替利嗪口服溶液,728
盐酸左旋氧氟沙星,729
马洛替酯片,730
散瞳,731
T细胞缺陷病,732
转移因子口服液,733
长春西汀注射液,734
阑尾炎,735
美沙酮,736
盐酸丙米嗪,737
下呼吸道感染,738
甘露醇,739
抑郁症状,740
内因性抑郁症,741
甘草酸二铵,742
壬苯醇醚,743
多烯磷脂酰胆碱,744
头部脂溢性皮炎,745
败血症,746
托拉塞米片,747
复方苯硝那敏片,748
侵袭性曲霉病,749
硫必利,750
气管插管,751
葡萄糖酸氯己定,752
盐酸小檗碱片,753
心脏病,754
美索巴莫注射液,755
硝酸咪康唑胶囊,756
静脉血栓,757
奥卡西平片,758
硝酸甘油贴膜,759
盐酸恩丹西酮片,760
注射用盐酸瑞芬太尼,761
注射用氨甲环酸,762
呕吐,763
卡巴匹林钙颗粒,764
氯贝丁酯胶囊,765
乙胺嗪,766
克霉唑阴道片,767
支气管扩张伴感染,768
阿糖胞苷,769
乙酰螺旋霉素胶囊,770
胃肠道狭窄,771
卡苯达唑乳膏,772
乳酸菌素片,773
阿昔莫司分散片,774
尼群地平片,775
维生素D2胶丸,776
愈酚维林片,777
曲昔匹特片,778
哌拉西林,779
炔诺孕酮片,780
抗肿瘤激素类,781
醋酸甲羟孕酮,782
氢化可的松片,783
创伤,784
地匹福林,785
维磷葡钙,786
白斑,787
重酒石酸长春瑞滨注射液,788
尼扎替丁胶囊,789
新灭菌,790
巯嘌呤,791
胆管炎,792
阿奇霉素枸橼酸二氢钠,793
双扑伪麻胶囊,794
盐酸普罗帕酮胶囊,795
氨酚曲麻,796
替考拉宁,797
泛影酸,798
20氨基酸注射液-500,799
盐酸吗啡注射液,800
消化道双对比检查,801
去痛片,802
维氨啉,803
注射用盐酸林可霉素,804
青霉胺,805
盐酸氯普噻吨注射液,806
移行细胞癌,807
异山梨醇,808
氟康唑,809
硫酸亚铁含片,810
硝酸益康唑气雾剂,811
棕榈氯霉素（B型）颗粒,812
氢溴酸右美沙芬软胶囊,813
甲磺酸酚妥拉明胶囊,814
休克综合征,815
盐酸硫必利注射液,816
精神兴奋药,817
右旋酮洛芬氨丁三醇片,818
乳酸钠林格注射液,819
罗红霉素,820
全身真菌感染,821
胰酶肠溶片,822
鲨肝醇片,823
森林脑炎疫苗,824
柳氮磺吡啶,825
潮热,826
羟乙基淀粉20氯化钠注射液,827
阿莫西林/双氯西林钠胶囊,828
色甘酸钠气雾剂,829
术后伤口感染,830
炎症性皮肤真菌病,831
重去甲肾上腺素,832
复方乳酸钠山梨醇注射液,833
心脏病突发性痛,834
注射用苦参碱,835
布比卡因,836
足疣感染,837
先兆流产,838
硫酸阿托品注射液,839
亚硝酸,840
肺炎,841
头孢呋辛,842
愈创木酚磺酸钾,843
无水咖啡因,844
三叉神经支带状疱疹,845
龙胆粉,846
泼尼松龙片,847
多维生素滴剂,848
奥沙普秦,849
复方次没食子酸铋栓Ⅱ,850
初期肝硬化,851
细菌性结膜炎,852
解热止痛抗炎及抗风湿药,853
依替膦酸二钠胶囊,854
左氧氟沙星注射液,855
盐酸可乐定,856
五维B颗粒,857
破伤风,858
消瘦,859
氨溴索,860
新生儿出血,861
注射用伏立康唑,862
硫酸西索米星氯化钠注射液,863
醋甲唑胺片,864
氢溴酸西酞普兰,865
盐酸苯乙双胍片,866
双唑泰棉栓,867
铝镁司,868
伏立康唑,869
平喘,870
浅表性化脓性感染,871
呼吸抑制,872
盐酸美沙酮口服液,873
延长浸润麻醉用药的作用时间,874
阿米替林,875
抗变态反应药,876
维生素B18,877
多发性神经炎,878
硫酸鱼精蛋白,879
无转移的绒癌,880
肠内营养混悬液（TP）,881
精制抗炭疽血清,882
米力农,883
卡培他滨片,884
更昔洛韦,885
门冬氨酸洛美沙星葡萄糖注射液,886
尿素维E乳膏,887
镇痛,888
小儿氨咖黄敏颗粒,889
噻康唑,890
二巯丙醇,891
胰纤维性囊肿病,892
甲磺酸双氢麦角汀,893
盐酸纳曲酮,894
克汀病,895
急性胃黏膜损害,896
帕金森综合征,897
胰腺癌,898
甲氯噻嗪,899
尿嘧啶,900
口腔溃疡,901
需氧菌与厌氧菌混合感染,902
硫普罗宁片,903
血栓栓塞性疾病,904
抗血友病球蛋白,905
心脏疾患,906
氟氯西林钠,907
倍氯米松,908
依帕司他,909
神经母细胞瘤,910
厌氧菌性肺炎,911
喷托维林,912
巴氯芬,913
布桂嗪,914
咽炎,915
维生素D6,916
终止早期妊娠,917
吞咽障碍,918
注射用生长抑素,919
注射用拉氧头孢钠,920
抗抑郁药,921
带状疱疹,922
硫酸奎尼丁,923
盐酸左旋氧氟沙星注射液,924
氯化铊,925
放线菌素D,926
维D2乳酸钙片,927
毛花苷C,928
棕榈氯霉素（B型）,929
富马酸酮替芬鼻腔喷雾剂,930
盐酸奥昔非君片,931
注射用他唑巴坦钠/哌拉西林钠,932
急性肝炎,933
厌氧菌引起的感染,934
注射用头孢唑啉钠,935
溴新斯的明片,936
吲哚美辛搽剂,937
爱伦多,938
左旋甲状腺素钠,939
羧苄西林钠,940
注射用盐酸多柔吡星,941
注射用高三尖杉酯碱,942
体外循环心脏手术,943
注射用盐酸维拉帕米,944
磷酸哌嗪,945
骨和关节感染,946
喷托维林氯化铵糖浆,947
鬼臼毒素,948
维生素C咀嚼片,949
阿奇霉素颗粒剂,950
盐酸二甲弗林注射液,951
硫酸软骨素A钠胶囊,952
伐昔洛韦,953
创面感染,954
良性前列腺增生,955
磷霉素,956
磷[33P]酸钠,957
依托红霉素片,958
盐酸昂丹司琼胶囊,959
氮甲,960
乙酰麦迪霉素,961
氯芬那酸,962
硫酸吗啡片,963
松节油搽剂,964
辅酶A,965
维生素AD糖丸,966
硝酸甘油溶液,967
腰肌劳损,968
胶体果胶铋颗粒,969
冰醋酸,970
小儿基础麻醉,971
远志糖浆,972
急性化脓性扁桃体炎,973
注射用胸腺五肽,974
甲芬那酸片,975
盐酸二甲双胍肠溶片,976
上下呼吸道感染,977
传导阻滞,978
磷酸组胺注射液,979
色甘酸钠滴眼液,980
土霉素软膏,981
支气管感染急性发作,982
降纤酶,983
对乙酰氨基酚,984
鞣酸蛋白酵母,985
美扑伪麻颗粒,986
青霉素类,987
乳突根治术后流脓,988
羟乙基淀粉130/0.4氯化钠注射液,989
甲状腺轻至中度肿大,990
斑蝥素,991
氢溴酸非诺特罗,992
维生素AD,993
抗贫血药,994
心肌灌注显像剂,995
三氟拉嗪,996
急性白血病,997
器官移植,998
注射用苯妥英钠,999
阿魏酸钠,1000
维生素D9,1001
氢溴酸加兰他敏分散片,1002
胃肠炎,1003
双羟萘酸噻嘧啶,1004
美索巴莫,1005
无症状脑膜炎奈瑟菌带菌者,1006
五维甘草那敏胶囊,1007
甲磺酸左氧氟沙星注射液,1008
黄酮哌酯,1009
小儿高热,1010
盐酸肼屈嗪,1011
注射用氢化可的松琥珀酸钠,1012
联苯双酯片,1013
右美沙芬缓释混悬液,1014
头孢丙烯胶囊,1015
氢溴酸右美沙芬口服液,1016
盐酸丁丙诺啡,1017
醋氨己酸锌,1018
伊曲康唑,1019
丙卡特罗,1020
干酵母,1021
芦丁,1022
注射用苯唑西林钠,1023
磷酸川芎嗪胶囊,1024
细辛脑片,1025
萘普生栓,1026
硫酸沙丁胺醇片,1027
盐酸雷尼替丁胶囊,1028
湿敷,1029
继发性青光眼,1030
盐酸地拉卓片,1031
磷酸伯氨喹,1032
有机磷中毒,1033
氯化琥珀胆碱,1034
腰腿痛,1035
穿心莲,1036
周围神经损伤,1037
盐酸赛庚啶片,1038
癣病,1039
氯芬那酸片,1040
西曲酸酯,1041
隐性营养不良性大疱性表皮松解,1042
参芪鱼肝油,1043
金刚烷胺,1044
脑蛋白,1045
盐酸普鲁卡因胺注射液,1046
斑蝥素乳膏,1047
酮洛芬贴,1048
硫酸四氢帕马丁注射液,1049
盐酸米托蒽醌注射液,1050
慢性前列腺炎,1051
间日疟,1052
乳腺炎,1053
磺胺甲噁唑,1054
三磷酸腺苷二钠片,1055
升华硫氯化氨基汞洗剂,1056
皮肤结核,1057
齐墩果酸胶囊,1058
低血压症,1059
有机磷农药中毒,1060
腹部胀满,1061
动脉硬化症,1062
丙泊酚,1063
枸橼酸铋钾,1064
抗疟药,1065
稀化黏痰,1066
亚急性联合变性神经系统病变,1067
盐酸阿莫地喹片,1068
全麻中维持镇痛,1069
阿法骨化醇,1070
甲磺酸氨氯地平片,1071
氯法齐明胶丸,1072
全麻诱导,1073
酞丁胺,1074
其他软组织风湿病,1075
地蒽酚,1076
安吖啶,1077
藻酸双酯,1078
酒石酸唑吡坦片,1079
颠茄流浸膏,1080
系统性红斑狼疮,1081
幼年型关节炎,1082
酮洛芬肠溶,1083
盐酸可乐定滴眼液,1084
头痛,1085
头孢拉定片,1086
大面积烧伤,1087
盐酸氯环利嗪,1088
双氯芬酸钠（Ⅱ）,1089
头孢美唑,1090
维生素D2注射液,1091
氢溴酸东莨菪碱,1092
曲安奈德新霉素,1093
鱼肝油乳,1094
鱼石脂颠茄软膏,1095
手术时异常高血压急救处置,1096
罗通定片,1097
愈创蓝油烃,1098
卡络柳,1099
慢性支气管炎,1100
三磷酸腺苷二钠注射液,1101
盐酸伪麻黄碱,1102
右美沙芬愈创甘油醚,1103
乳酸菌素散,1104
盐酸克林霉素凝胶,1105
甲溴贝那替秦片,1106
血管神经性水肿,1107
醋酸甲地孕酮,1108
盐酸倍他司汀片,1109
系统性曲霉病,1110
猩红热,1111
肾上腺皮质功能减退症,1112
丙体－六六六,1113
口臭,1114
眩晕,1115
注射用促肝细胞生长素,1116
乙酰唑胺,1117
瘫痪,1118
新生儿遗传性维生素B6依赖综合征,1119
硫磺,1120
盐酸二氢埃托啡片,1121
麦迪霉素,1122
乳酸亚铁糖浆,1123
双氯芬酸钠利多卡因注射液,1124
氢氧化铝,1125
吉美前列素,1126
瘙痒,1127
硫酸依替米星,1128
鞣酸加压素,1129
心肌梗死,1130
羧甲基纤维素钠颗粒,1131
氨曲南,1132
炭疽,1133
浓煤焦油溶液,1134
右旋糖酐69,1135
盐酸阿莫罗芬,1136
头孢西丁,1137
淋巴结炎,1138
甲磺酸酚妥拉明注射液,1139
惊厥,1140
甲睾酮,1141
酒石酸托特罗定,1142
外伤性昏迷,1143
对氨水杨酸,1144
细辛脑,1145
注射用亚锡聚合白蛋白,1146
脊柱关节病,1147
碘塞罗宁钠,1148
酮洛芬肠溶片,1149
乙胺嘧啶片,1150
葡萄糖酸锑钠注射液,1151
洛莫司汀胶囊,1152
硝酸甘油,1153
鹿瓜多肽注射液,1154
牙髓炎,1155
鱼肝油酸钠注射液,1156
牛磺酸胶囊,1157
转移因子注射液,1158
溴化新斯的明,1159
盐酸吡硫醇片,1160
二盐酸西替利嗪,1161
盐酸雷尼替丁泡腾颗粒剂,1162
乳酸菌素颗粒剂,1163
盐酸克林霉素胶囊,1164
替硝唑,1165
一般性头痛,1166
高锝[99mTc]酸钠,1167
早产,1168
冻干人纤维蛋白原,1169
上颌骨周炎,1170
柠檬烯胶囊,1171
依他尼酸片,1172
维生素A糖,1173
盐酸甲氧明,1174
美托洛尔,1175
高脂蛋白血症,1176
柠檬烯,1177
右旋布洛芬栓,1178
注射用复方甘草甜素,1179
醋酸甲地孕酮片,1180
食管念珠菌感染,1181
甲苯磺酸妥舒沙星片,1182
枸橼酸舒芬太尼,1183
急性闭角型青光眼,1184
盐酸土霉素片,1185
烟酸片,1186
盐酸氯丙嗪注射液,1187
输血用复方枸橼酸钠注射液,1188
异丙托溴铵,1189
孟鲁司特钠片,1190
小面积烧伤,1191
癌症痛,1192
齐墩果酸片,1193
瑞格列奈,1194
注射用盐酸甲氯芬酯,1195
注射用头孢地秦钠,1196
磷霉素钙颗粒,1197
化脓性皮肤病,1198
维酶素片,1199
卡莫氟片,1200
曲匹布通片,1201
念珠菌感染,1202
西咪替丁缓释片,1203
新鱼腥草素钠注射液,1204
慢性闭角型青光眼,1205
静脉曲张,1206
氨茶碱,1207
益多酯胶囊,1208
碘普胺,1209
克林霉素磷酸酯外用溶液剂,1210
轻型急性肠炎治疗,1211
盐酸吗啡缓释片,1212
克林霉素磷酸酯,1213
克拉霉素胶囊,1214
诊断甲状腺功能亢进的抑制试验,1215
青春期前隐睾症,1216
诺氟沙星软膏,1217
哈西奈德,1218
重酒石酸去甲肾上腺素注射液,1219
头孢地秦钠,1220
吲哚洛尔,1221
结膜炎,1222
异山梨醇口服液,1223
四肢溃疡,1224
克拉维酸钾/羟氨苄青霉素（1:2）颗粒剂,1225
门冬氨酸钾镁注射液,1226
曲克芦丁,1227
水杨酸苯佐卡因软膏,1228
卡维地洛,1229
美沙拉秦,1230
乙琥胺糖浆,1231
维生素E胶丸,1232
可待因桔梗,1233
止血,1234
盐酸安他唑啉片,1235
硫酸奎宁片,1236
肝病药,1237
丙酸倍氯米松,1238
头癣,1239
盐酸阿芬太尼,1240
甲丙氨酯片,1241
盐酸雷莫司琼,1242
尿素软膏,1243
风湿热复发,1244
脓肿,1245
盐酸氮卓斯汀片,1246
糖尿病性胃轻瘫,1247
盐酸丁卡因胶浆,1248
周围神经炎,1249
硝酸异山梨醇酯片,1250
丙磺舒,1251
哮喘,1252
急性扁桃体炎,1253
盐酸氟奋乃静片,1254
注射用琥珀氯霉素,1255
硫酸庆大霉素缓释片,1256
肢体血管闭塞性疾病,1257
庚炔诺酮,1258
盐酸普鲁卡因胺,1259
角质促成剂及溶解药,1260
盐酸左氧氟沙星胶囊,1261
硝酸咪康唑阴道片,1262
盐酸倍他司汀氯化钠注射液,1263
西地磷酸苯丙哌林泡腾片,1264
聚磺苯乙烯钠散,1265
五维甘草那敏,1266
血管紧张素,1267
右旋糖酐40葡萄糖注射液,1268
藻酸双酯钠注射液,1269
枸橼酸西地那非片,1270
酮康唑胶囊,1271
维生素B,1272
氯化铵片,1273
低蛋白血症,1274
盐酸氯丙嗪片,1275
注射用氨苄西林钠舒巴坦钠,1276
曲咪新,1277
过敏,1278
生殖道感染,1279
克林霉素磷酸酯外用溶液,1280
硫,1281
硫酸丁胺卡那霉素,1282
利巴韦林颗粒,1283
肾性尿崩症,1284
卡比多巴,1285
青霉素V钾颗粒剂,1286
曲安奈德益康唑,1287
枸橼酸,1288
乳果糖,1289
卡络柳钠,1290
线虫病,1291
尿素,1292
毒蛇咬伤,1293
茜草双酯,1294
葡甘聚糖胶囊,1295
吲哚洛尔片,1296
多塞平,1297
骨化三醇,1298
去氯羟嗪,1299
中枢抑制药过量引起的昏迷,1300
卡托普利,1301
盐酸托哌酮胶囊,1302
盐酸依托必利,1303
神经衰弱,1304
去甲肾上腺素静脉给药,1305
乳少,1306
普罗雌烯阴道用软胶囊,1307
无排卵所致的不孕症,1308
注射用亚锡植酸钠,1309
前列腺癌,1310
重度感染,1311
普罗碘铵注射液,1312
硫酸沙丁胺醇胶囊,1313
羟甲烟胺胶囊,1314
前列腺肥大,1315
山梨醇,1316
卡比马唑片,1317
糜烂性胃炎,1318
依托度酸片,1319
双氯非那胺片,1320
盐酸吗啉胍滴眼液,1321
溶栓过量,1322
室上性心动过速,1323
头孢氨苄甲氧苄啶,1324
螺内酯片,1325
人工牛黄,1326
心房扑动,1327
开角型青光眼,1328
日晒红斑,1329
双氯芬酸钠搽剂,1330
枸橼酸镓[68Ga],1331
甘草酸二铵肠溶胶囊,1332
慢性鼻炎,1333
硝酸银软膏,1334
维生素B12溶液,1335
高锝[100mTc]酸钠,1336
萘丁美酮片,1337
心房纤颤,1338
盐酸氮芥,1339
别嘌醇,1340
双碘喹啉,1341
十维锌铁钙,1342
盐酸多塞平片,1343
美愈伪麻颗粒剂,1344
氯唑沙宗胶囊,1345
米格来宁片,1346
头孢氨苄缓释片,1347
甲橙维C咀嚼片,1348
促肝细胞生长素注射液,1349
支原体肺炎,1350
那格列奈,1351
室管膜瘤,1352
大蒜素,1353
氯烯雌醚,1354
心内膜炎,1355
盐酸哌替啶注射液,1356
注射用头孢尼西钠,1357
头孢孟多酯钠,1358
五氟利多片,1359
中毒性休克,1360
膀胱癌,1361
注射用氨力农,1362
卡莫司汀注射液,1363
维生素A,1364
盐酸氯环利嗪片,1365
右旋糖酐19,1366
盐酸洛贝林,1367
小儿饮食不当,1368
安替比林,1369
腰痛,1370
冰片,1371
深部真菌感染,1372
甲硝唑,1373
纤溶酶,1374
尼索地平片,1375
流涕,1376
咽峡炎,1377
辛伐他汀分散片,1378
脑缺血,1379
头孢丙烯,1380
房扑,1381
维生素AE胶丸,1382
高血压脑病,1383
三相避孕,1384
盐酸奈福泮胶囊,1385
卡芦莫南,1386
病毒性肝炎,1387
乳酸环丙沙星氯化钠注射液,1388
维生素A糖丸,1389
促肝细胞生长素,1390
华法林钠,1391
双羟萘酸噻嘧啶栓,1392
肿瘤化疗,1393
注射用核糖核酸,1394
双羟萘酸噻嘧啶颗粒,1395
硫酸奈替米星,1396
醋酸麦迪霉素,1397
右旋糖酐70葡萄糖注射液,1398
依托红霉素混悬液,1399
羟喜树碱,1400
盐酸甲氯芬酯胶囊,1401
柳胺酚,1402
注射用盐酸安西他滨,1403
咽痛,1404
胆道感染,1405
腰椎麻醉,1406
那敏伪麻胶囊,1407
烧伤肉芽创面感染,1408
盐酸氮芥搽剂,1409
盐酸吗啉胍注射液,1410
氨酚伪麻,1411
聚乙二醇电解质,1412
维生素D2片,1413
羊水栓塞,1414
乙酰吉他霉素颗粒剂,1415
小儿贝诺酯维B1颗粒,1416
深部静脉血栓,1417
循环血容量降低,1418
亚砷酸氯化钠,1419
吸入用色甘酸钠胶囊,1420
高血压急症,1421
垂体激素及相关,1422
葡萄糖注射液,1423
异位性皮炎,1424
注射用环磷酰胺,1425
交沙霉素片,1426
注射用硫酸多粘菌素B,1427
美扑伪麻片,1428
酞丁胺软膏,1429
发热,1430
咽喉不适,1431
苏菲咳糖浆,1432
赛庚啶乳膏,1433
氯丙那林,1434
盐酸美司坦,1435
尼索地平,1436
硬膜外麻醉,1437
脂溶性维生素（Ⅰ）,1438
低精蛋白锌胰岛素注射液,1439
维胺酯维E乳膏,1440
硫酸镁注射液,1441
口腔脓肿,1442
勾虫病失血,1443
食道癌,1444
吲达帕胺缓释片,1445
维生素B6缓释片,1446
右旋糖酐64,1447
葡醛内酯,1448
间歇性跛行,1449
亚锡依替菲宁,1450
盐酸普罗帕酮片,1451
五维赖氨酸口服溶液,1452
维生素E烟酸酯,1453
利巴韦林滴鼻液,1454
卡比马唑,1455
抗凝血药及溶栓药,1456
鼻塞,1457
硫酸丁胺卡那霉素注射液,1458
外耳炎,1459
浅表眼部感染,1460
慢性重症肝炎,1461
氢氧化铝凝胶,1462
门冬酰胺,1463
一氧化碳中毒,1464
阿德福韦酯,1465
盐酸依米丁注射液,1466
急性皮炎,1467
小儿复方盐酸妥洛特罗片,1468
硫酸吗啡控释片,1469
肺癌,1470
微循环障碍性疾病,1471
硝苯地平注射液,1472
重酒石酸去甲肾上腺素,1473
急慢性咽喉炎,1474
口服四维葡萄糖,1475
盐酸左卡巴斯汀,1476
妥苏沙星,1477
盐酸左旋咪唑搽剂,1478
碘甘油,1479
热敷袋,1480
色羟丙钠滴眼液,1481
田参氨基酸胶囊,1482
门冬氨酸钙注射液,1483
头颈部肿瘤,1484
帕司烟肼,1485
氯霉素,1486
心律失常,1487
盐酸洛美沙星滴眼液,1488
盐酸特比萘芬片,1489
艾司洛尔,1490
呋塞米,1491
盐酸二甲双胍,1492
急性支气管炎,1493
拉坦前列素滴眼液,1494
硝酸咪康唑软膏,1495
普鲁卡因胺,1496
胸腺肽α1,1497
头孢曲松钠,1498
头孢噻肟钠,1499
依巴斯汀片,1500
磺胺类,1501
醋谷胺,1502
维生素D1,1503
蚊虫叮咬,1504
化脓性中耳炎,1505
注射用盐酸去甲万古霉素,1506
四维亚铁,1507
多酶片,1508
棕榈氯霉素混悬液,1509
卡络磺钠,1510
矿物质类药,1511
六合维生素丸,1512
曲咪新乳膏,1513
葡钙维B1片,1514
血活素眼凝胶,1515
特发性水肿,1516
氢溴酸山莨菪碱,1517
双氯芬酸钠片,1518
尼莫地平胶囊,1519
曲安奈德鼻喷雾剂,1520
注射用头孢西丁钠,1521
苯硝那敏,1522
甲硝唑阴道泡腾片,1523
注射用氨曲南,1524
肠内营养剂,1525
硫酸钡（Ⅰ型）干混悬剂,1526
盐酸曲普利啶胶囊,1527
薄荷桉油含片（Ⅱ）,1528
喘息症,1529
恶寒,1530
血管扩张,1531
硫酸长春新碱,1532
盐酸左西替利嗪分散片,1533
己酮可可碱,1534
酚美愈伪麻,1535
硝酸咪康唑,1536
主动脉夹层,1537
神黄钠铝胶囊,1538
眼科手术后,1539
胸闷,1540
先天性心脏病,1541
胆绞痛,1542
泌尿系统感染,1543
前列腺增生症,1544
炎症性鼻充血,1545
伤寒副伤寒甲乙菌苗,1546
咽结膜热,1547
注射用精氨酸阿司匹林,1548
哌拉西林钠,1549
手术后功能性肠胀气及尿潴留,1550
葡萄糖酸锌咀嚼片,1551
盐酸司来吉兰,1552
叶酸缺乏,1553
脂溶性维生素注射液（Ⅰ）,1554
利多卡因,1555
注射用去水卫矛醇,1556
亚锡聚合白蛋白,1557
喷昔洛韦,1558
复方氨基乙磺酸滴眼液,1559
梭状芽脆杆菌所致的肠道感染,1560
维胺,1561
甲氧明,1562
羟基喜树碱,1563
硝酸益康唑喷雾剂,1564
阴虱病,1565
痛性痉挛,1566
头孢唑啉钠,1567
制霉菌素片,1568
胃部胀满,1569
维生素B6软膏,1570
四维葡萄糖散,1571
体虚,1572
茴拉西坦,1573
神经母细胞癌,1574
软组织损伤性疼痛,1575
头颈部上皮癌,1576
止泻药,1577
盐酸阿普林定片,1578
盐酸伐昔洛韦片,1579
原发开角型青光眼,1580
肩痛,1581
克补,1582
土霉素眼膏,1583
化脓性扁桃体炎,1584
格列吡嗪分散片,1585
营养不良性贫血,1586
四环素,1587
水杨酸镁胶囊,1588
月经失调,1589
羧甲司坦片（小儿用）,1590
咽喉肿痛,1591
碘解磷定,1592
溴米因,1593
小面积急性湿疹,1594
中轻度癌症疼痛,1595
慢性胆囊炎,1596
多肽类,1597
盐酸胺碘酮,1598
盐酸多柔吡星,1599
恩氟烷,1600
马来酸氟伏沙明,1601
硫酸长春地辛,1602
哌喹,1603
齐多夫定,1604
初期老年性白内障,1605
平阳霉素,1606
脑血栓,1607
盐酸苄达明片,1608
乙酰天麻素片,1609
子宫内膜癌,1610
慢性呼吸道疾病,1611
炔雌醇,1612
肌肉痛,1613
扑米酮,1614
消肿,1615
达肝素,1616
托吡卡胺,1617
周围神经麻痹,1618
氯屈膦酸二钠注射液,1619
头孢拉定干混悬剂,1620
替加氟注射液,1621
林可霉素,1622
萘普生肠溶,1623
盐酸伐昔洛韦胶囊,1624
脚气病,1625
复方托吡卡胺,1626
白细胞低下,1627
考来烯胺,1628
维生素B1,1629
外眼感染,1630
氟氯西林,1631
托西酸舒他西林,1632
吸收性明胶海绵,1633
自身免疫性疾病,1634
肝素钙,1635
皮炎,1636
重症肌无力,1637
硝酸咪康唑凝胶剂,1638
氨酚曲马多片,1639
氢溴酸加兰他敏,1640
口服维D2葡萄糖,1641
利福喷丁,1642
复方电解质葡萄糖-R4A,1643
西沙必利,1644
甲磺酸培高利特,1645
乙水杨胺片,1646
盐酸托哌酮片,1647
心源性休克,1648
铜绿假单胞菌脑膜炎,1649
嗜铬细胞瘤手术前后,1650
甲苯咪唑,1651
运动后肌肉酸痛,1652
吡哌酸,1653
小儿复方麝香草酚撒粉,1654
四维王浆葡萄糖颗粒,1655
盐酸丁卡因,1656
注射用盐酸四环素,1657
抗黑热病药,1658
浅表皮肤感染,1659
硝酸一叶萩碱,1660
谷维素,1661
溴苄铵,1662
小儿氨酚黄那敏片,1663
苯唑西林,1664
甲硝唑芬布芬胶囊,1665
度米芬,1666
格列喹酮,1667
抑郁症,1668
锝[99mTc]甲氧异腈,1669
注意力不集中,1670
水解蛋白注射液,1671
木糖醇注射液,1672
克霉唑栓,1673
乳酸亚铁口服液,1674
戊酸雌二醇注射液,1675
舒他西林,1676
克霉唑溶液,1677
喉痛,1678
盐酸利托君注射液,1679
中枢动脉瘤破裂,1680
脂溶性维生素（Ⅱ）,1681
胸腺蛋白口服液,1682
抑制排卵,1683
棕榈哌泊塞嗪,1684
法莫替丁,1685
镇痛药,1686
精氨酸阿司匹林,1687
注射用羟基喜树碱,1688
甲磺酸罗哌卡因,1689
软组织损伤,1690
磷酸组胺,1691
青光眼急性发作,1692
克林霉素磷酸酯阴道用乳膏,1693
注射用硫喷妥钠,1694
下尿路感染,1695
硝酸毛果芸香碱片,1696
注射用异戊巴比妥钠,1697
注射用盐酸平阳霉素,1698
美法仑,1699
新生儿窒息,1700
脑膜炎,1701
头孢哌酮,1702
支气管扩张合并感染,1703
盐酸苯海拉明注射液,1704
抗麻风病药,1705
顽固性期前收缩,1706
甲硝唑呋喃唑酮栓,1707
肾病综合征,1708
高胆固醇血症,1709
呋喃妥因,1710
高血压,1711
血友病患者拔牙,1712
羧甲司坦片,1713
酮咯酸氨丁三醇胶囊,1714
葡萄糖酸锌片,1715
重症肝炎,1716
硫酸庆大霉素咀嚼片,1717
尿嘧啶替加氟片,1718
碳酸利多卡因注射液,1719
卡培他滨,1720
氨溴特罗口服液,1721
辅酶Ⅰ,1722
盐酸万乃洛韦片,1723
山梨醇铁注射液,1724
福尔可定,1725
阿曲库铵苯磺酸盐,1726
溃疡,1727
旧结核菌素,1728
扁桃体炎,1729
羟乙基淀粉40氯化钠注射液,1730
双分伪麻片,1731
炔孕酮片,1732
常年性过敏性鼻炎,1733
松节油,1734
核医学诊断及治疗药,1735
可乐定透皮贴,1736
依托红霉素颗粒,1737
盐酸安非他酮片,1738
癌性疼痛,1739
吲哚美辛胶囊,1740
阿法依泊汀,1741
维生素B12,1742
九合维生素,1743
薯蓣皂苷片,1744
龙胆碳酸氢钠片,1745
注射用丙氨酰谷氨酰胺,1746
细胞色素C,1747
躁狂症,1748
念珠菌性阴道炎,1749
丙酸氯倍他索,1750
水杨酸毒扁豆碱,1751
外伤感染,1752
盐酸赖氨酸散,1753
头孢羟氨苄胶囊,1754
薄荷油,1755
非诺贝特,1756
特非那丁胶囊,1757
米诺环素,1758
心脏性哮喘,1759
盐酸雷尼替丁口服溶液,1760
罗通定,1761
子宫功能出血,1762
美沙芬,1763
磷酸可待因注射液,1764
更昔洛韦胶囊,1765
曲安奈德注射液,1766
替卡西林钠,1767
盐酸安西他滨,1768
季节性过敏性鼻炎,1769
精制肉毒抗毒素,1770
普罗碘胺,1771
盐酸妥洛特罗,1772
血容量扩充药及血浆代用品,1773
盐酸阿糖胞苷,1774
维生素BT,1775
氟脲苷,1776
亚叶酸钙胶囊,1777
五维赖氨酸,1778
依托红霉素,1779
克霉唑,1780
全身疼痛,1781
盐酸羟苄唑滴眼液,1782
盐酸萘甲唑啉,1783
慢性稳定型心绞痛,1784
西拉普利片,1785
一氧化碳中毒后帕金森综合征,1786
甲磺酸培氟沙星胶囊,1787
氯化筒箭毒碱注射液,1788
注射用胰蛋白酶,1789
脓疱疮,1790
急性咽喉炎,1791
吗多明片,1792
哌仑西平,1793
维生素B8,1794
注射用硫酸卡那霉素,1795
洛芬待因缓释片,1796
急性胆囊炎,1797
酮康唑,1798
硫酸延胡索乙素,1799
盐酸吗啡,1800
硼酸,1801
头孢氨苄,1802
病后体虚,1803
溶菌酶,1804
葡萄糖酸氯己定含漱剂,1805
念珠菌性外阴阴道炎,1806
注射用乳糖酸红霉素,1807
注射用尿激酶,1808
舒必利,1809
盐酸海索那林,1810
蕲蛇酶注射液,1811
吸附百日咳菌苗-白喉-破伤风类毒素混合制剂,1812
腮腺炎,1813
晚期卵巢癌,1814
盐酸普罗帕酮,1815
低钾血症,1816
前列腺素E1,1817
碘[131I]化钠,1818
注射用脂溶性维生素（Ⅱ）,1819
肾移植,1820
麦角胺,1821
肠内营养乳（TP-HE）,1822
头孢替唑钠,1823
制霉素片,1824
复方山莨菪碱滴眼液,1825
氯氮平片,1826
剧烈干咳,1827
磷酸苯丙哌林颗粒,1828
盐酸布桂嗪,1829
左炔诺孕酮炔雌醚片,1830
血液病,1831
手癣,1832
镇咳药,1833
特非那丁分散片,1834
盐酸苯海拉明片,1835
复方可待因口服溶液,1836
周围血管痉挛性疾病,1837
沙芬伪麻咀嚼片,1838
头孢泊肟酯颗粒,1839
盐酸托烷司琼胶囊,1840
阿莫西林双氯西林钠,1841
注射用吲哚菁绿,1842
氟康唑颗粒剂,1843
乳酸依沙吖啶,1844
乙酰乌头碱片,1845
抗高血压药,1846
灭菌前列腺素E2溶液,1847
吲哚布芬,1848
依托度酸胶囊,1849
奥拉西坦,1850
缩宫素注射液,1851
脑血管病治疗药,1852
产后出血,1853
注射用尼麦角林,1854
氟哌利多,1855
五肽胃泌素,1856
硫酸镁,1857
枸橼酸钠,1858
注射用头孢拉定,1859
愈创蓝油烃软膏,1860
短暂性脑缺血发作,1861
普罗碘铵,1862
磷酸腺嘌呤,1863
佐米曲普坦胶囊,1864
硝酸一叶萩碱注射液,1865
甘氨酸茶碱钠,1866
湿疹类炎症性皮肤病,1867
至灵胶囊,1868
青霉素皮试剂,1869
扭伤,1870
双氯芬酸钠,1871
呋喃唑酮,1872
志贺菌感染,1873
愈酚待因,1874
急性扁桃腺炎,1875
云芝多糖,1876
尼群地平,1877
盐酸卡波罗孟片,1878
手术前及手术中补充血容量,1879
注射用戈那瑞林,1880
阿替洛尔,1881
小儿复方氨基酸注射液（18AA-I）,1882
无味黄连素,1883
转化糖注射液,1884
米托蒽醌,1885
赖氨匹林散,1886
三唑仑片,1887
尿道感染,1888
香菇多糖,1889
盐酸氟桂利嗪片,1890
盐酸地尔硫卓,1891
蒙脱石,1892
系统性曲霉病及念珠菌病,1893
美扑伪麻胶囊,1894
卵巢癌,1895
室性心律失常,1896
特非那丁,1897
双氯芬酸钠气雾剂,1898
脑出血,1899
愈创维林那敏片,1900
奥沙拉嗪钠,1901
盐酸苄达明,1902
霍乱,1903
羟甲香豆素,1904
兰索拉唑片,1905
土霉素胶囊,1906
呼吸衰竭,1907
维生素B12注射液,1908
恶性淋巴瘤,1909
苯海索,1910
双分伪麻胶囊,1911
维生素B6注射液,1912
强直性脊柱炎,1913
日光性皮炎,1914
硫酸软骨素片,1915
糜蛋白酶,1916
硫酸多粘菌素B,1917
夜间多梦,1918
死胎,1919
血管性偏头痛,1920
铝镁司片,1921
头孢克肟颗粒,1922
硫酸锌糖浆,1923
利福定胶囊,1924
葡萄糖酸钙片,1925
眼前房出血,1926
甲氧沙林溶液,1927
转移因子,1928
二丁酰环磷腺苷钙,1929
催吐药,1930
磷酸可待因糖浆,1931
盐酸阿莫地喹,1932
鸡眼,1933
注射用辅酶Ⅰ,1934
麻疹,1935
肾盂炎,1936
普鲁卡因,1937
晚期乳腺癌,1938
闭经,1939
克罗米通乳膏,1940
盐酸司来吉兰片,1941
痢疾,1942
胎盘片,1943
硫酸双肼屈嗪,1944
盐酸平阳霉素,1945
盐酸苯乙双胍,1946
异丙肾上腺素,1947
外阴癌,1948
胃手术后,1949
氢溴酸烯丙吗啡注射液,1950
异环磷酰胺,1951
肥厚型心肌病,1952
胶体磷[32P]酸铬,1953
乙碘油,1954
盐酸金刚乙胺颗粒,1955
硝酸异山梨酯片,1956
注射用五水头孢唑林钠,1957
左旋多巴胶囊,1958
多烯磷脂酰胆碱胶囊,1959
赛庚啶,1960
子宫内膜炎,1961
碘苯酯,1962
氟哌噻吨,1963
硝酸异山梨酯乳膏,1964
四维他片,1965
氯化钙注射液,1966
盐酸二甲双胍肠溶,1967
利福平胶囊,1968
盐酸胺碘酮片,1969
唑吡坦,1970
神经性疼痛,1971
硒酵母片,1972
维生素B1缺乏引起的周围神经炎,1973
复方电解质葡萄糖-M3A,1974
甲芬那酸胶囊,1975
氨基乙磺酸,1976
氯化铵,1977
曲普瑞林,1978
氨甲苯酸,1979
茶碱,1980
茶碱沙丁胺醇缓释片,1981
异卡波肼,1982
盐酸普鲁卡因,1983
灭菌结晶磺胺,1984
氧氟沙星胶囊,1985
宫颈糜烂,1986
注射用谷氨酸钠,1987
雌激素、孕激素及避孕药,1988
激素类及影响内分泌,1989
盐酸丁螺环酮,1990
+E6948氯化钠,1991
视网膜中央静脉阻塞,1992
维生素B6,1993
支气管哮喘,1994
板蓝根,1995
米诺地尔,1996
磷酸川芎嗪注射液,1997
制霉菌素,1998
硫酸小诺米星,1999
中枢性催吐,2000
舒必利注射液,2001
七维牛磺酸,2002
利福昔明,2003
盐酸普萘洛尔,2004
盐酸可乐定滴丸,2005
小儿反复呼吸道感染,2006
羟氨苄青霉素,2007
注射用过氧化碳酰胺,2008
琥珀酸钠,2009
加巴喷丁,2010
维拉帕米,2011
注射用阿奇霉素磷酸二氢钠,2012
枸橼酸铋雷尼替丁片,2013
前列腺增生,2014
硬脂酸红霉素片,2015
硫唑嘌呤片,2016
氢溴酸苯甲托品片,2017
有粒细胞减少症免疫缺陷病人的感染,2018
咳喘,2019
甲磺酸二氢麦角碱注射液,2020
食母生,2021
亚锡双半胱氨酸,2022
维磷葡钙片,2023
羟布宗,2024
胆酸,2025
罗沙前列醇,2026
右旋糖酐38,2027
慢性咽喉炎,2028
晕飞机,2029
硫酸庆大霉素,2030
婴幼儿缺维生素D性佝偻病,2031
异烟肼,2032
急性中耳炎,2033
硫酸软骨素A钠注射液,2034
盐酸三氟拉嗪片,2035
盐酸利多卡因葡萄糖注射液,2036
马洛替酯,2037
复方氨基酸制剂及其它营养,2038
牙周感染,2039
左旋多巴,2040
盐酸丁螺环酮片,2041
复方熊胆薄荷含片,2042
维生素B1丸,2043
氟比洛芬脂,2044
替普瑞酮,2045
硫酸沙丁胺醇粉雾剂,2046
甲硝唑注射液,2047
盐酸万乃洛韦胶囊,2048
利凡诺创伤膏,2049
乳酸心可定片,2050
左氧氟沙星,2051
十维铁,2052
替尼泊苷,2053
念珠菌性外阴阴道病,2054
胃癌,2055
利血生,2056
细菌性肺炎,2057
维B1乳酸钙片,2058
愈创甘油醚糖浆,2059
硝酸甘油气雾剂,2060
慢性溃疡性肠炎,2061
环戊硫酮,2062
格列本脲,2063
二西替利嗪,2064
远志,2065
硫酸特布他林,2066
虚损,2067
氯氮卓片,2068
伤口感染,2069
脑苷肌肽注射液,2070
注射用胶原酶,2071
室性早博,2072
亮菌甲素片,2073
制霉素阴道泡腾片,2074
室颤,2075
智能障碍,2076
田参氨基酸,2077
盐酸依普拉酮片,2078
曲安奈德新霉素贴,2079
注射用放线菌素D,2080
马来酸左旋氨氯地平,2081
奥美拉唑,2082
基因工程干扰素α-2a,2083
支气管炎,2084
注射用氟脲苷,2085
水杨酸软膏,2086
哌替啶,2087
胃酸,2088
九合维生素丸,2089
枸橼酸氯己定口胶,2090
中枢神经系统感染,2091
盐酸恩丹西酮,2092
静脉麻醉药,2093
盐酸乙胺丁醇,2094
葡萄糖酸亚铁片,2095
阿片,2096
洛美沙星,2097
盐酸依普拉酮,2098
复方刺五加硫胺片,2099
喷他佐辛注射液,2100
危重疾病,2101
赖氨肌醇维B12口服溶液,2102
甲地孕酮,2103
去氧皮质酮,2104
盐酸特拉唑嗪胶囊,2105
水乳梨醇,2106
关节扭伤,2107
依普黄酮片,2108
体腔积液,2109
脾胃不和,2110
抢救危重病人,2111
醋酸可的松,2112
甲胂酸钠,2113
二氟尼柳,2114
青蒿琥酯片,2115
奎宁,2116
核黄素磷酸钠,2117
氯噻酮片,2118
美愈伪麻胶囊,2119
聚明胶肽注射液,2120
软组织炎症,2121
肠内营养乳剂（TPF-T）,2122
盐酸吉西他滨,2123
盐酸阿扑吗啡注射液,2124
食欲不振,2125
慢性精神分裂症,2126
磺苄西林钠,2127
丁螺环酮,2128
消化性溃疡出血,2129
四维王浆葡萄糖,2130
苯甲酸雌二醇,2131
自身免疫性炎症性疾病,2132
氯贝丁酯,2133
甲氧沙林,2134
胃肠道疾病,2135
疖肿,2136
月经过多,2137
冠周炎,2138
司可巴比妥,2139
急慢性鼻炎,2140
硫酸氨基葡萄糖,2141
酮洛芬肠溶胶囊,2142
慢性浅表性胃炎,2143
酒石酸美托洛尔胶囊,2144
三尖杉酯碱注射液,2145
脑苷肌肽,2146
亚甲蓝,2147
维丙胺,2148
酮洛芬缓释片,2149
类风湿关节炎,2150
齐墩果酸,2151
脑动脉硬化症,2152
注射用甘露聚糖肽,2153
注射用棓丙酯,2154
盐酸异丙嗪注射液,2155
美沙拉嗪肠溶,2156
人血白蛋白,2157
甲磺酸酚妥拉明分散片,2158
肾盂肾炎,2159
聚甲酚磺醛栓,2160
胸腺肽注射液,2161
六甲蜜胺胶囊,2162
精蛋白锌胰岛素注射液,2163
樟脑,2164
棕榈氯霉素（B型）片,2165
细菌感染性皮肤病,2166
盐酸替罗非班氯化钠,2167
副鼻窦炎,2168
盐酸吡硫醇胶囊,2169
6氨基酸注射液-848,2170
盐酸曲普利啶片,2171
维胺脂维E,2172
氢溴酸山莨菪碱片,2173
复方氯雷他定缓释片,2174
厌食症,2175
氨基糖苷类,2176
樟脑醑,2177
右旋酮洛芬氨丁三醇,2178
维生素C缺乏症,2179
碳酸锂片,2180
维D2果糖酸钙注射液,2181
缺血性脑血管疾病,2182
胶体果胶铋胶囊,2183
磷酸氯喹注射液,2184
黄疸,2185
维生素B4,2186
盐酸曲美他嗪片,2187
硫酸依替米星注射液,2188
蛛网膜下腔阻滞,2189
可乐定,2190
亚叶酸,2191
盐酸雷尼替丁注射液,2192
眼睑炎,2193
过氧化碳酰胺,2194
盐酸特比萘芬,2195
丙卡巴肼,2196
枸橼酸芬太尼,2197
盐酸雷莫司琼注射液,2198
去乙酰毛花苷注射液,2199
低密度脂蛋白胆固醇,2200
抗毒素及免疫血清,2201
尿布性皮炎,2202
阴道炎,2203
乳酸诺氟沙星注射液,2204
消化不良,2205
盐酸黄酮哌酯,2206
头孢克洛颗粒,2207
注射用心肌肽,2208
盐酸芦氟沙星胶囊,2209
盐酸奈福泮,2210
葡醛内酯胶囊,2211
维生素C泡腾颗粒,2212
轻度烧伤,2213
羟丙甲纤维素滴眼液,2214
曲安奈德新霉素贴片,2215
阴茎癌,2216
氨鲁米特,2217
硝酸士的宁,2218
急慢性肾炎,2219
遗传性血管神经性水肿,2220
全麻时的气管插管,2221
特发性手足搐搦症,2222
全身麻醉,2223
醋酸地塞米松粘贴,2224
三维制霉素栓,2225
体外抗凝血,2226
依替膦酸钠,2227
肾上腺皮质激素类,2228
复方罗布麻片,2229
高血脂,2230
维生素B6缺乏,2231
肾脏血流灌注不足,2232
克霉唑喷雾剂,2233
盐酸二甲双胍胶囊,2234
盐酸乙胺丁醇片,2235
卡托普利滴丸,2236
口服葡萄糖,2237
克念菌素,2238
羟布宗片,2239
冻干鼠疫活菌苗,2240
秋水仙碱片,2241
注射用转化糖,2242
马来酸哌克昔林片,2243
盐酸林可霉素,2244
盐酸酚苄明片,2245
乙酰天麻素,2246
萘普生肠溶微丸胶囊,2247
维生素K4,2248
烟酸缓释胶囊,2249
注射用转移因子,2250
氧化锌升华硫,2251
二巯丙磺钠,2252
克林霉素磷酸酯用,2253
吲哚美辛控释胶囊,2254
注射用磺苄西林钠,2255
氢溴酸右美沙芬分散片,2256
鲨肝醇,2257
乳酸环丙沙星氯化钠,2258
三维樟柳碱膜,2259
氯唑西林钠,2260
氯化琥珀胆碱注射液,2261
胆道蛔虫症,2262
头颈部鳞癌,2263
碘化钠,2264
甘草酸二铵肠溶,2265
小儿腹泻,2266
社交焦虑障碍,2267
手术感染,2268
交沙霉素,2269
盐酸米诺环素胶囊,2270
胃膜素,2271
克拉维酸钾阿莫西林（1:7）分散片,2272
妥拉唑林,2273
心肌疾患,2274
注射用舒巴坦钠/阿莫西林钠,2275
甲硝唑漱液,2276
炔雌醚,2277
盐酸地美索酯,2278
榄香烯注射液,2279
血尿,2280
天麻蜜环菌,2281
富马酸福莫特罗片,2282
痱子,2283
链激酶,2284
欧车前亲水胶体,2285
麝香草酚撒粉,2286
人工冬眠,2287
稀戊二醛溶液,2288
盐酸倍他司汀口服液,2289
前列地尔注射液,2290
外科及创伤性感染,2291
注射用促皮质素,2292
盐酸美西律注射液,2293
甲磺酸溴隐亭,2294
盐酸林可霉素滴眼液,2295
新福菌素注射液,2296
埃索美拉唑镁肠溶片,2297
注射用胞磷胆碱钠,2298
伤寒及副伤寒,2299
左卡巴斯汀,2300
盐酸左西替利嗪,2301
林旦乳膏,2302
蕈样肉芽肿,2303
柔红霉素,2304
支气管痉挛,2305
妇产科,2306
赖诺普利片,2307
胰酶肠溶,2308
辛伐他汀,2309
注射用亚锡焦磷酸钠,2310
中老年单纯性记忆减退,2311
葡萄糖酸钙维D2咀嚼片（Ⅱ）,2312
祛痰,2313
维生素B17,2314
原发性高胆固醇血症,2315
鞣酸蛋白,2316
盐酸麻黄碱片,2317
青蒿琥酯,2318
吲达帕胺片,2319
乳酶生,2320
全静脉内营养,2321
苄星青霉素,2322
手足癣,2323
注射用穿琥宁,2324
盐酸赖氨酸,2325
全身感染,2326
肠内营养乳剂（TP-HE）,2327
复方电解质葡萄糖-M3B,2328
外科手术麻,2329
入睡困难,2330
氢溴酸西酞普兰口服溶液,2331
诺氟沙星药膜,2332
酮咯酸氨丁三醇,2333
蛇咬伤,2334
酮洛芬,2335
复方薄荷脑鼻用吸入剂,2336
五维他口服溶液,2337
替勃龙,2338
急性肠道阿米巴病,2339
氢氯噻嗪片,2340
注射用苄星青霉素,2341
蛇毒血凝酶,2342
盐酸奈福泮片,2343
吲哒帕胺片,2344
沙利度胺,2345
甘草甜素,2346
氧化铅外用散,2347
溴丙胺太林,2348
噻氯匹定,2349
注射用哌拉西林钠,2350
右旋糖酐70氯化钠注射液,2351
白带,2352
甲基硫氧嘧啶片,2353
氨酚曲麻片,2354
18氨基酸注射液-1200,2355
黑色素瘤,2356
丙氨瑞林,2357
法可林,2358
聚维酮碘泡腾片,2359
刺激性咳嗽,2360
吸附精制破伤风类毒素,2361
呋苄西林钠,2362
急性心肌梗死,2363
碘帕醇,2364
胸腺喷丁,2365
曲昔匹特胶囊,2366
西罗莫司口服溶液,2367
盐酸地拉卓,2368
十维片,2369
厄贝沙坦分散片,2370
水杨酸甲酯,2371
其他神经系统,2372
氯美扎酮,2373
手术时异常高血压,2374
盐酸多西环素,2375
硬膜外麻醉及封闭疗法,2376
香草醛,2377
抗病毒药,2378
盐酸氨基葡萄糖,2379
硫酸黏菌素片,2380
胶体果胶铋,2381
心功能不全,2382
围手术期,2383
氯膦酸二钠,2384
盐酸尼卡地平葡萄糖注射液,2385
头孢羟氨苄片,2386
谷胱甘肽,2387
癌症,2388
卡托普利胶囊,2389
艾滋病,2390
吲哚美辛乳膏,2391
色苷酸,2392
鼻咽感染,2393
诺氟沙星葡萄糖注射液,2394
恩前列素,2395
熊去氧胆酸片,2396
头孢克洛片,2397
吡拉西坦,2398
谷氨酸钠,2399
抗阿米巴病药,2400
中/长链脂肪乳（C6-24）,2401
妊娠毒血症,2402
盐酸克仑特罗气雾剂,2403
聚维酮碘栓,2404
羧甲淀粉钠溶液,2405
土霉素,2406
豆腐果苷片,2407
体表创伤,2408
甲磺酸培高利特片,2409
支气管肺炎,2410
诺氟沙星滴眼液,2411
盐酸美他环素胶囊,2412
利巴韦林口服液,2413
灼热,2414
阿米三嗪,2415
氢化可的松注射液,2416
盐酸特比萘芬乳膏,2417
脑炎,2418
硝西泮,2419
培哚普利片,2420
慢性气管炎,2421
伤寒沙门菌感染,2422
鱼肝油酸,2423
注射用对氨基水杨酸钠,2424
盐酸阿扑吗啡,2425
外伤后疼痛,2426
葡萄球菌感染,2427
盐酸利多卡因胶浆,2428
顽固性呃逆,2429
洛芬待因片,2430
白癜风,2431
普鲁卡因青霉素,2432
硝酸甘油贴片,2433
早搏,2434
甲硝唑胶浆含漱液,2435
异烟肼中毒,2436
失水,2437
抗血小板药,2438
贫血,2439
注射用阿魏酸钠,2440
舒巴坦钠,2441
地尔硫卓,2442
吗替麦考酚酯分散片,2443
美克洛嗪,2444
头孢羟氨苄颗粒,2445
维生素D0,2446
终止妊娠,2447
盐酸曲马朵,2448
盐酸吡硫醇,2449
那可丁,2450
维氨啉滴眼液,2451
舒芬太尼,2452
硫酸软骨素滴眼液,2453
羚黄氨咖敏,2454
中度疼痛,2455
慢性粒细胞白血病,2456
盐酸多巴胺注射液,2457
复方吡拉西坦胶囊,2458
硫酸钡,2459
注射用萘夫西林钠,2460
血清病,2461
羟基脲胶囊,2462
克仑特罗,2463
硬膜外阻滞,2464
盐酸左氧氟沙星分散片,2465
低血钾症,2466
乳酸环丙沙星阴道泡腾片,2467
氯贝酸铝,2468
重度癌痛,2469
利鲁唑,2470
地芬尼多,2471
低热,2472
疥疮,2473
盐酸赛洛唑啉,2474
泮托拉唑钠肠溶片,2475
注射用胸腺肽α1,2476
盐酸伊托必利颗粒,2477
小牛血去蛋白提取物注射液,2478
钩端螺旋体菌苗,2479
硝酸甘油片,2480
布氏菌素,2481
维生素BT片,2482
神经阻滞麻醉,2483
碘普罗胺注射液,2484
注射用依他尼酸钠,2485
慢性咽炎,2486
盐酸帕罗西汀,2487
注射用维库溴铵,2488
氯屈膦酸二钠片,2489
多索茶碱,2490
双炔失碳酯,2491
药物的泌尿道毒性,2492
吲达帕胺,2493
爱维治,2494
螺内酯胶囊,2495
复方磷酸可待因糖浆,2496
盐酸喹那普利,2497
鼻衄,2498
维生素D7,2499
亚油酸,2500
盐酸地尔硫卓注射液,2501
脓疱,2502
支气管感染,2503
愈酚伪麻片,2504
盐酸大观霉素,2505
舌咽神经痛,2506
偏瘫,2507
口腔念珠菌感染,2508
牙槽脓肿,2509
盐酸金刚烷胺糖浆,2510
枸橼酸乙胺嗪,2511
复发性口腔溃疡,2512
急性前列腺炎,2513
湿疹,2514
米非司酮,2515
六甲蜜胺片,2516
甲丙氨酯,2517
氰化物中毒的解毒药,2518
厌氧菌性阴道病,2519
甲基橙皮苷,2520
渗出性多形性红斑,2521
双氢速甾醇,2522
角鲨烯,2523
注射用亮菌甲素,2524
冻干麻疹活疫苗,2525
那可丁糖浆,2526
胺碘酮,2527
头孢拉定分散片,2528
注射用头孢哌酮钠舒巴坦钠（2:1）,2529
细辛脑胶囊,2530
性病,2531
烟酸占替诺,2532
病毒性角膜炎,2533
盐酸特比萘芬凝胶,2534
维酶素,2535
白喉,2536
制霉素,2537
卡马西平缓释片,2538
盐酸丁丙诺啡注射液,2539
注射用盐酸吡硫醇,2540
头孢呋辛酯,2541
磺胺醋酰钠,2542
双分伪麻,2543
注射用硝酸异山梨酯,2544
甘氨酸茶碱钠胶囊,2545
注射用氯诺昔康,2546
盐酸氨溴索注射液,2547
伤风,2548
硫酸庆大霉素片,2549
丙酸睾酮,2550
注射用法莫替丁,2551
肝素,2552
盐酸氯普鲁卡因,2553
三维鱼肝油乳,2554
依酚氯铵,2555
托烷司琼,2556
盐酸林可霉素栓,2557
精制抗蝮蛇毒血清,2558
盐酸赖氨酸注射液,2559
急性溶血,2560
乙酰螺旋霉素,2561
非那雄胺,2562
左旋多巴片,2563
自身免疫性炎症疾病,2564
头孢唑啉,2565
下泌尿道感染,2566
眼氨肽滴眼液,2567
夜盲症,2568
脂溢性皮炎,2569
谷甾醇,2570
萘普生颗粒,2571
胰酶片,2572
塞克硝唑,2573
对乙酰氨基酚干混悬剂,2574
慢性充血性心力衰竭,2575
锝[99mTc]泮替酸盐注射液,2576
阴道滴虫病,2577
天麻蜜环菌胶囊,2578
浓替硝唑含漱液,2579
鱼腥草素钠片,2580
外科麻醉,2581
胞磷胆碱钠胶囊,2582
盐酸妥卡尼,2583
硫酸奈替米星注射液,2584
尼美舒利,2585
盐酸金刚乙胺,2586
硫鸟嘌呤,2587
青光眼,2588
营养性疾患,2589
小儿善存液,2590
美沙拉秦栓,2591
转移性结直肠癌,2592
盐酸氟桂利嗪,2593
盐酸氟奋乃静注射液,2594
肠内营养混悬液（TPF）,2595
葵酸南诺龙,2596
盐酸地匹福林滴眼液,2597
浓氯化钠注射液,2598
溃疡性结肠炎,2599
小檗碱,2600
乙酰吉他霉素片,2601
冻干卡介苗,2602
枸橼酸莫沙必利,2603
双分伪麻片（成人片）,2604
脂肪肝,2605
营养不良,2606
盐酸氯哌丁,2607
腿部溃疡,2608
心房颤动,2609
庆大霉素碳酸铋胶囊,2610
深部化脓性疾病,2611
酞磺胺噻唑,2612
氢溴酸樟柳碱注射液,2613
普伐他汀,2614
原发性卵巢缺如,2615
咪康唑,2616
吸入用七氟烷,2617
盐酸乌拉地尔,2618
外痔,2619
酞磺胺噻唑片,2620
痛经,2621
六合氨基酸注射液,2622
上呼吸道感染,2623
维生素E胶丸（天然型）,2624
甲泼尼龙,2625
七叶皂苷钠片,2626
氢溴酸高乌甲素,2627
硫酸鱼精蛋白注射液,2628
术前肠道准备,2629
视网膜动脉栓塞,2630
利巴韦林注射液,2631
黄水疮,2632
肠内营养乳（TPF）,2633
益多酯,2634
荨麻疹,2635
新鱼腥草素钠,2636
盐酸氯丙那林,2637
吸附精制白喉类毒素,2638
青春期功能失调性子宫出血,2639
利巴韦林喷剂,2640
铝碳酸镁,2641
甲磺酸沙奎那韦胶囊,2642
磷酸川芎嗪,2643
中性胰岛素注射液,2644
注射用青霉素钠,2645
氧化铅,2646
美洛西林钠舒巴坦钠,2647
膀胱炎,2648
肺脓肿,2649
妊娠期妇女弓形体病,2650
羟蒂巴酚,2651
甲状旁腺及降钙代谢药,2652
牛磺酸片,2653
扁桃腺炎,2654
免疫球蛋白,2655
外科感染,2656
子宫复原不全,2657
甲磺酸沙奎那韦,2658
特发性震颤,2659
大环内酯类,2660
转移因子胶囊,2661
葡萄糖酸,2662
葡萄糖酸氯己定漱液,2663
异食癖,2664
维生素B2,2665
转化糖,2666
多汗,2667
盐酸妥洛特罗片,2668
酮洛酸氨丁三醇,2669
维生素B1的脚气病,2670
卡比多巴-左旋多巴,2671
盐酸克仑特罗膜,2672
盐酸四环素胶囊,2673
曲安奈德,2674
上消化道阻塞,2675
酮洛芬栓,2676
小细胞肺癌,2677
戊四硝酯片,2678
手足发绀,2679
沙芬伪麻,2680
卡芦莫南钠,2681
盐酸环丙沙星胶囊,2682
婴儿惊厥,2683
浓甲硝唑漱液,2684
羟甲香豆素片,2685
小檗碱甲氧苄啶胶囊,2686
西地碘,2687
失神发作,2688
盐酸乙胺丁醇胶囊,2689
鳞癌,2690
钆喷葡胺,2691
盐酸氟西泮,2692
重组人白细胞介素-2,2693
九维鱼肝油乳,2694
烦躁,2695
抑郁,2696
心室扑动和颤动,2697
盐酸克林霉素注射液,2698
盐酸左旋咪唑片,2699
原发性胆汁性肝硬变,2700
四环素类,2701
鞣酸蛋白片,2702
异戊巴比妥片,2703
三维B,2704
诺氟沙星片,2705
盐酸尼卡地平氯化钠注射液,2706
蔗糖铁,2707
氢化可的松,2708
三七,2709
利培酮口服液,2710
可的松,2711
抗丝虫病药,2712
微小血管循环障碍,2713
炉甘石洗剂,2714
阿苯哒唑,2715
疲劳,2716
肺部感染,2717
盐酸林可霉素胶囊,2718
注射用丙氨瑞林,2719
头风痛,2720
治疗精神障碍药,2721
福辛普利钠片,2722
肾上腺色腙注射液,2723
醋酸氟轻松,2724
奥沙拉嗪,2725
复方樟脑酊,2726
功能性子宫出血,2727
盐酸美西律胶囊,2728
开塞露（甘油）,2729
注射用亚锡亚甲基二膦酸盐,2730
鸡胆,2731
薄荷麝香草酚搽剂,2732
蝮蛇抗栓酶,2733
蹄甲多肽,2734
慢性肾小球肾炎,2735
色甘酸,2736
卡巴匹林钙,2737
盐酸阿扑吗啡舌下片,2738
神经官能症,2739
天花粉蛋白,2740
咪喹莫特,2741
抗青光眼药,2742
甲氧苄啶注射液,2743
利福平注射液,2744
盐酸异丙嗪,2745
葡萄糖酸依诺沙星注射液,2746
硫酸锌口服液,2747
盐酸哌替啶,2748
七叶皂苷钠搽剂,2749
奥氮平,2750
肝性脑病,2751
门冬氨酸镁,2752
碳青霉烯类和单环β内酰胺类,2753
泌尿道感染,2754
卡托普利缓释片,2755
维D2磷酸氢钙片,2756
营养性侏儒,2757
小儿消食片,2758
脑卒中,2759
克林霉素,2760
肾结石,2761
多索茶碱胶囊,2762
阿伐司汀,2763
右旋糖酐37,2764
甲磺酸左旋氧氟沙星片,2765
甲硝唑氯己定软膏,2766
二硫化硒洗液,2767
鼻出血,2768
苄丝肼,2769
曲尼司特胶囊,2770
盐酸倍他司汀,2771
盐酸氯丙那林片,2772
关节疼痛,2773
盐酸多塞平乳膏,2774
单纯性肥胖,2775
热带真菌病,2776
舒林酸胶囊,2777
头孢噻吩,2778
胎盘,2779
碳酸氢钠,2780
林可霉素利多卡因凝胶,2781
炔诺酮片,2782
鞣酸苦参碱胶囊,2783
克栓酶,2784
免疫调节,2785
下肢深静脉显像,2786
利血平注射液,2787
硫酸阿米卡星,2788
头孢克肟咀嚼片,2789
萘丁美酮,2790
哌嗪,2791
盐酸芦氟沙星片,2792
氯解磷定,2793
氯化亚铊[201Tl]注射液,2794
依诺沙星软膏,2795
复方硼砂漱口片,2796
焦虑,2797
有机磷酸酯类农药中毒,2798
枸橼酸莫沙必利分散片,2799
盐酸三氟哌多片,2800
葡萄糖耐量试验,2801
中枢性呼吸衰竭,2802
冠脉缺血综合征,2803
心肌炎后遗症,2804
三维钙,2805
Q热,2806
泪囊炎,2807
花斑癣,2808
炎症性皮肤病,2809
糙皮病,2810
雅司,2811
酮洛芬凝胶,2812
原发性醛固酮增多症,2813
棕榈哌泊塞嗪注射液,2814
硫酸羟氯喹,2815
福辛普利钠,2816
维生素D3,2817
酮洛芬胶囊,2818
盐酸洛美沙星片,2819
注射用呋苄西林钠,2820
眼科手术,2821
酞丁安滴眼液,2822
预激综合征,2823
牙周炎,2824
双肼屈嗪利血平,2825
外科手术病人代谢紊乱,2826
盐酸美他环素片,2827
烟酸注射液,2828
利福喷丁胶囊,2829
亚硝酸钠,2830
普罗雌烯乳膏,2831
维生素D滴剂,2832
甲状腺粉,2833
酚麻美敏混悬液,2834
司来吉兰,2835
维生素EC,2836
区域阻滞,2837
慢性病毒性肝炎,2838
鱼肝油酸钠,2839
吗替麦考酚酯,2840
角膜溃疡,2841
炔孕酮,2842
盐酸雷尼替丁片,2843
甘油,2844
亚硫酸氢钠甲萘醌注射液,2845
去极化型肌松药,2846
酪酸菌,2847
干眼症,2848
全身性发作,2849
顺铂氯化钠,2850
抗焦虑药,2851
锝[99mTc],2852
皮肤瘙痒,2853
室性异位节,2854
吸入麻醉药,2855
吲哚美辛滴眼液,2856
危重中毒性感染,2857
羟苄唑,2858
胃肠道肿瘤,2859
注射用枸橼酸钠,2860
康胃素胶囊,2861
卡马西平胶囊,2862
双歧三联活菌,2863
抗肿瘤植物药,2864
硫酸阿托品,2865
复方对乙酰氨基酚片（Ⅱ）,2866
小儿手足抽搐症,2867
舒林酸,2868
乙酰氨基酚,2869
重金属、类金属解毒药,2870
乙型肝炎,2871
芦丁片,2872
芬氟拉明,2873
腹泻,2874
头孢丙烯咀嚼片,2875
头孢哌酮钠,2876
十二指肠溃疡,2877
上颌骨骨髓炎,2878
阿托品,2879
硝苯地平胶囊,2880
异戊巴比妥,2881
尼尔雌醇片,2882
二氮嗪,2883
盐酸环丙沙星滴耳液,2884
足癣,2885
细胞色素C注射液,2886
盐酸土霉素,2887
心肌缺血,2888
细菌性外眼感染,2889
托西酸舒他西林颗粒,2890
头孢硫脒,2891
尿素（14C）胶囊,2892
异丁司特缓释胶囊,2893
心脏神经官能症,2894
月见草油,2895
乳酸司帕沙星片,2896
低分子量肝素钠,2897
青少年假性近视,2898
维库溴铵,2899
萎缩性阴道炎,2900
盐酸小檗碱,2901
马普替林,2902
术后胸腔感染,2903
间苯三酚注射液,2904
注射用磺巯嘌呤钠,2905
愈创甘油醚颗粒,2906
氢化可的松软膏,2907
克霉唑喷雾,2908
体股癣,2909
新生儿,2910
手术后疼痛,2911
肾炎,2912
立止血,2913
注射用头孢噻肟钠,2914
舌炎,2915
碳酸钙咀嚼片,2916
头昏,2917
注射用盐酸尼莫司汀,2918
腰椎间盘突出症,2919
尼群地平贴,2920
生殖系统感染,2921
片,2922
血容量补充,2923
异甘草酸镁注射液,2924
普罗雌烯用,2925
奥利司他,2926
尼美舒利胶囊,2927
过敏性休克,2928
氯烯雌醚滴丸,2929
鼓膜炎,2930
医院内感染,2931
头风痛丸,2932
布洛芬,2933
吲哚布芬片,2934
复方薄荷脑,2935
水杨酸钠片,2936
维生素D2,2937
维生素B族缺乏症,2938
其它抗菌药,2939
硼砂,2940
子宫附件炎,2941
盐酸奥昔非君,2942
内脏绞痛,2943
佝偻病,2944
炎症性肠病,2945
诊断性检查麻醉,2946
沙眼,2947
锌缺乏,2948
鸡胆口服溶液,2949
头孢地尼胶囊,2950
吸收不良综合征,2951
硫酸核糖霉素,2952
维生素A胶丸,2953
氯化筒箭毒碱,2954
硝酸益康唑喷雾,2955
复方替卡西林,2956
复方硫酸沙丁胺醇气雾剂,2957
心肌炎,2958
注射用盐酸拉贝洛尔,2959
烟酸肌醇酯片,2960
盐酸金霉素软膏,2961
硫酸西索米星,2962
麦角胺咖啡因,2963
盐酸左旋咪唑颗粒,2964
甲磺酸二氢麦角碱缓释胶囊,2965
双唑泰泡腾片,2966
甲巯咪唑,2967
顽固性精神分裂症,2968
氢溴酸樟柳碱,2969
麦粒肿,2970
心动过速,2971
乙酰麦迪霉素颗粒,2972
软下疳,2973
氯化钾颗粒,2974
体腔造影,2975
牙周脓肿,2976
盐酸依米丁,2977
化脓性感染,2978
子宫内感染,2979
去氢胆酸片,2980
氧氟沙星葡萄糖,2981
支气管及肺部感染,2982
左甲状腺素,2983
注射用单磷酸阿糖腺苷,2984
山梨醇铁,2985
联磺甲氧苄啶片,2986
甲硝唑葡萄糖注射液,2987
特酚伪麻片,2988
牙科局麻,2989
盐酸雷尼替丁糖浆,2990
盐酸替罗非班氯化钠注射液,2991
门冬氨酸洛美沙星注射液,2992
重间羟胺,2993
胃胀,2994
西尼地平,2995
雄激素及蛋白同化类固醇,2996
氢溴酸美沙芬,2997
注射用盐酸普鲁卡因,2998
氧氟沙星葡萄糖注射液,2999
乳腺癌,3000
多价精制气性坏疽抗毒素,3001
消咳宁,3002
醋甲唑胺,3003
格拉司琼,3004
盐酸林可霉素注射液,3005
14氨基酸注射液-823,3006
水杨酸苯酚软膏,3007
复方维生素B,3008
右旋糖酐66,3009
氨基比林,3010
干咳,3011
硫酸锌尿囊素滴眼液,3012
水乐维他,3013
头孢氨苄缓释胶囊,3014
坏疽性带状疱疹,3015
脊髓灰质炎活疫苗,3016
左甲状腺素钠,3017
注射用氟罗沙星,3018
霍奇金病,3019
硫酸庆大霉素颗粒,3020
严重盗汗,3021
舍雷肽酶,3022
注射用亚锡依替菲宁,3023
去甲万古霉素,3024
头孢唑林钠,3025
豆腐果苷,3026
全麻用骨骼肌松药,3027
弓形虫病,3028
克洛曲,3029
炎症性疾病,3030
硫代硫酸,3031
注射用糜蛋白酶,3032
周围神经病,3033
小牛脾提取物,3034
硫氯酚,3035
亚急性细菌性心内膜炎,3036
四肢静息疼痛,3037
头孢米诺钠,3038
复合氨基酸胶囊,3039
沙利度胺片,3040
注射用酒石酸吉他霉素,3041
外周血管疾病,3042
支气管肺癌,3043
雷尼替丁,3044
去甲斑蝥素,3045
氯喹那多,3046
辣椒颠茄,3047
头颈癌,3048
盐酸麻黄碱,3049
吲哚美辛,3050
磷霉素钙胶囊,3051
胰蛋白酶,3052
真性红细胞增多症,3053
脑外伤后遗症,3054
脑蛋白水解物口服液,3055
移植物急性排斥反应,3056
马来酸麦角新碱注射液,3057
生长抑素,3058
葡萄糖酸钙锌口服溶液,3059
美喹他嗪,3060
血氨增高,3061
帕司烟肼胶囊,3062
肌肉酸痛,3063
依地酸,3064
酞丁安乳膏,3065
吡柔比星,3066
托西酸舒他西林片,3067
幽门螺杆菌感染,3068
吉他霉素,3069
硫酸沙丁胺醇,3070
全身强直-阵孪性发作,3071
双氯芬酸钠乳膏,3072
舒林酸片,3073
冻干黄热病活疫苗,3074
收敛保护剂,3075
头孢唑肟钠,3076
胆汁反流性胃炎,3077
复方七叶皂苷钠凝胶,3078
阿司匹林缓释片,3079
门冬氨酸鸟氨酸,3080
氯氮平,3081
水杨酸苯酚贴膏,3082
司莫司汀胶囊,3083
注射用氧氟沙星,3084
葡萄糖酸钙（无糖型）,3085
热带口炎性腹泻,3086
盐酸小檗胺,3087
酚麻美敏片,3088
缺铁性贫血,3089
右旋糖酐67,3090
注射用硝卡芥,3091
顽固性癫痫大发作,3092
急性膀胱炎,3093
数字减影,3094
乳酸菌,3095
厌食,3096
室上性心律失常,3097
盐酸格拉司琼片,3098
甲醛甲酚溶液,3099
雌二醇,3100
氧化锌硫,3101
系统性真菌感染,3102
咪康唑氯倍他索乳膏,3103
华法林,3104
输尿管结石,3105
醋酸地塞米松粘贴片,3106
硝酸甘油控释口颊片,3107
磷酸咯萘啶注射液,3108
内痔,3109
氯化注射液,3110
特发性高铁血红蛋白血症,3111
克林霉素甲硝唑搽剂,3112
克补片,3113
肌肉松弛,3114
双肼屈嗪利血平片,3115
铜绿假单胞菌感染,3116
脱水药,3117
特非那定,3118
马来酸左旋氨氯地平片,3119
胆囊炎,3120
异烟腙,3121
乙酰乌头碱,3122
硫酸异帕米星注射液,3123
甲基麻黄碱,3124
听觉障碍,3125
维生素PP缺乏症,3126
枸椽酸托瑞米芬,3127
中/长链脂肪乳,3128
糖尿病性周围性神经痛,3129
中毒性帕金森综合征,3130
枸橼酸他莫昔芬,3131
丙吡胺,3132
精制抗狂犬病血清,3133
思维障碍,3134
胃肠胆肾平滑肌痉挛,3135
门冬氨酸钙,3136
婴儿痉挛症,3137
替加氟氯化钠注射液,3138
腹腔感染,3139
盐酸萘甲唑林滴眼液,3140
肝病,3141
雷尼替丁氯化钠注射液,3142
葡萄糖,3143
硬脂酸红霉素,3144
驱肠虫药,3145
声音嘶哑,3146
斑秃,3147
维生素D15,3148
壬苯醇醚胶冻,3149
头孢呋辛酯分散片,3150
螺内酯,3151
锝[99mTc]双半胱乙酯,3152
鞣酸蛋白酵母散,3153
消化道肿瘤,3154
胃肠出血,3155
西拉普利,3156
盐酸帕罗西汀片,3157
维他利匹特,3158
头孢羟氨苄分散片,3159
联苯苄唑溶液,3160
亚急性皮炎,3161
三维亚铁咀嚼片,3162
硫糖铝,3163
氯米帕明,3164
苯酚,3165
细胞免疫功能低下,3166
匹多莫德片,3167
亚硝酸异戊酯吸入剂,3168
樟脑苯酚溶液,3169
抗代谢药,3170
双氯芬酸钠缓释微丸,3171
葡萄糖酸钙维D2散,3172
四维葡钙,3173
木糖醇片,3174
氟比洛芬脂注射液,3175
甲氧苄啶片,3176
脑梗死,3177
硫酸亚铁,3178
盐酸小檗碱胶囊,3179
无味黄连素片,3180
消咳宁片,3181
四维他,3182
盐酸青霉胺,3183
变应性鼻炎,3184
葡萄糖酸钙口服溶液（无糖型）,3185
制菌素,3186
尼可地尔,3187
佐米曲普坦,3188
甘氨双唑钠,3189
直立性眩晕,3190
维生素B12片,3191
阿米洛利,3192
再生障碍性贫血,3193
琥乙红霉素,3194
硫酸亚铁糖浆,3195
丁丙诺啡,3196
原发性高血压病,3197
乳腺癌转移,3198
普罗雌烯,3199
雷公藤内酯软膏,3200
口角炎,3201
枸椽酸托瑞米芬片,3202
百日咳,3203
肾母细胞瘤,3204
雷尼替丁胶囊,3205
磺胺醋酰,3206
维生素Ｄ,3207
维生素B2片,3208
利舍平,3209
硫酸巴龙霉素片,3210
卡前列甲酯,3211
药疹,3212
盐酸曲普利啶,3213
甘露聚糖肽,3214
氟胞嘧啶,3215
氯唑西林,3216
过敏性疾病,3217
分娩后宫缩痛,3218
咪喹莫特乳膏,3219
心血管造影,3220
维生素D14,3221
活动受限,3222
维胺脂维E乳膏,3223
司莫司汀,3224
拔牙后感染,3225
氯霉素耳,3226
杀菌,3227
丹毒,3228
消化性溃疡,3229
右美沙芬愈创甘油醚糖浆,3230
外科手术前,3231
严重感染,3232
水杨酸甲酯气雾剂,3233
氨基酸缺乏,3234
碳酸钾,3235
甲异靛,3236
甲紫溶液,3237
右旋糖酐39,3238
硫酸阿米卡星注射液,3239
去头屑,3240
头孢地尼,3241
萘普生分散片,3242
盐酸赛洛唑啉滴鼻液,3243
他唑西林,3244
硫酸氨基葡萄糖钾,3245
小儿复方贝诺酯咀嚼片,3246
枸橼酸喷托维林,3247
硝酸异山梨醇酯,3248
克霉唑片,3249
血小板减少,3250
维生素A缺乏症,3251
氢溴酸高乌甲素片,3252
器械消毒,3253
氯磺丙脲,3254
维A酸软膏,3255
耳鸣,3256
草酸萘呋胺,3257
子宫颈炎,3258
卡他性角膜炎,3259
兰索拉唑,3260
硫酸多粘菌素E,3261
镇静,3262
胃炎,3263
乳腺小叶增生,3264
庆大霉素甲氧苄啶注射液,3265
菌苗类,3266
金诺芬片,3267
坦洛新,3268
参皇乳膏,3269
听觉困难,3270
手术后药物引起的恶心,3271
全面性强直-阵挛发作,3272
酚磺乙胺,3273
维生素E、C颗粒,3274
消化道癌,3275
甲磺酸左氧氟沙星胶囊,3276
病毒性上呼吸道感染,3277
二巯丁二酸盐注射液,3278
醋氨苯砜,3279
复方五味子糖浆,3280
抗震颤麻痹药,3281
躁狂性精神病,3282
增龄性骨质疏松症,3283
盐酸甲氧氯普胺注射液,3284
枸橼酸坦度螺酮胶囊,3285
曲匹地尔,3286
利凡诺溶液,3287
去甲斑蝥酸钠,3288
肝硬变,3289
盐酸维拉帕米片,3290
依托红霉素胶囊,3291
三环类抗抑郁药过量时心脏传导障碍,3292
震颤麻痹,3293
三尖杉酯碱,3294
苏菲咳,3295
注射用硫酸卷曲霉素,3296
心律不齐,3297
原发性痛经,3298
磷酸氢钙,3299
肾孟肾炎,3300
酒石酸美托洛尔片,3301
硫酸小诺霉素滴眼液,3302
腰腿疼痛,3303
奥曲肽,3304
二巯丁二钠,3305
细胞调控因子,3306
手足抽搐症,3307
丝裂霉素,3308
儿童骨骼发育不全,3309
冠状动脉硬化,3310
盐酸消旋山莨菪碱注射液,3311
注射用葡醛酸钠,3312
甲酚皂溶液,3313
非诺洛芬,3314
体癣,3315
盐酸布桂嗪片,3316
吗替麦考酚酯胶囊,3317
氯唑西林钠胶囊,3318
桉叶油,3319
格列波脲,3320
烧伤,3321
双分伪麻片（儿童片）,3322
地高辛,3323
五官科感染,3324
右旋糖酐34,3325
头孢美唑钠,3326
头颈部癌肿,3327
生长发育迟缓,3328
炭疽活菌苗,3329
血容量不足,3330
美酚伪麻片,3331
维生素E烟酸酯胶囊,3332
慢性肾炎,3333
可待因桔梗片,3334
食物过敏,3335
二硫化硒洗剂,3336
炉甘石粉,3337
至灵,3338
迁延性肝炎,3339
泛影葡胺,3340
氧化锌升华硫软膏,3341
急性肠炎,3342
色甘酸钠滴鼻液,3343
双氢青蒿素哌喹片,3344
氨咖甘片,3345
术前预防感染,3346
氯波必利片,3347
硫鸟嘌呤片,3348
愈美甲麻敏糖浆,3349
磷酸丙吡胺片,3350
鞣酸小檗碱片,3351
阿维Ａ酯,3352
急慢性支气管炎,3353
厌氧菌所致口腔感染,3354
注射用七叶皂苷钠,3355
西咪替丁,3356
氧化锌,3357
过氧苯甲酰,3358
注射用青霉素钾,3359
氯氮卓,3360
琥珀氯霉素,3361
眼干燥症,3362
肠炎,3363
甲基多巴,3364
药物性肝损害,3365
大观霉素,3366
尼莫地平,3367
胰激肽原酶,3368
盐酸苯海拉明,3369
八角茴香油,3370
奥硝唑胶囊,3371
心脑血管微循环障碍,3372
幽门螺杆菌,3373
注射用盐酸左氧氟沙星,3374
吡罗昔康,3375
利巴韦林滴眼液,3376
注射用硫酸头孢匹罗,3377
聚明胶肽,3378
盐酸司他斯汀,3379
邻碘[131I]马尿酸,3380
心肌梗塞,3381
醋硝香豆素,3382
肾脏疾病,3383
棕榈氯霉素片,3384
狂犬病疫苗,3385
联苯双酯滴丸,3386
柳胺酚片,3387
水杨酸复合洗剂,3388
已解除阿片类药物毒瘾者的康复期辅助治疗,3389
高脂血症,3390
螺佐呋酮,3391
盐酸肼屈嗪片,3392
基因工程干扰素α-2b,3393
缺血性脑血管病,3394
双氯非那胺,3395
注射用门冬氨酸鸟氨酸,3396
托拉塞米,3397
克林霉素磷酸酯凝胶,3398
亚锡植酸钠,3399
意外中毒,3400
碘[132I]化钠,3401
丙咪嗪,3402
羧甲司坦颗粒,3403
泄泻,3404
三甲双酮,3405
十一烯酸,3406
胃蛋白酶,3407
荧光素,3408
术前清洗肠腔,3409
硝酸异山梨酯缓释片,3410
注射用硫酸阿奇霉素,3411
佐匹克隆胶囊,3412
人血丙种球蛋白,3413
葡萄糖酸氯己定漱,3414
五水头孢唑林钠,3415
盐酸奥布卡因,3416
葡萄糖酸亚铁,3417
头孢西丁钠,3418
凝血酶,3419
泌尿生殖系统感染,3420
痔疮,3421
维生素E乳,3422
盐酸硫必利片,3423
维生素B4片,3424
脑膜炎球菌多糖菌苗（A群）,3425
依诺沙星片,3426
乳突腔术后感染,3427
羟丁酸钠注射液,3428
善存银片,3429
维生素B3,3430
新霉素氟轻松乳膏,3431
流泪,3432
乌洛托品,3433
妊娠高血压,3434
17氨基酸注射液-700,3435
肌肉疼痛,3436
甲泼尼龙片,3437
胃黏膜病变,3438
十六角蒙脱石,3439
咯萘啶,3440
甲硝唑口腔粘贴,3441
右旋糖酐铁,3442
蕲蛇酶,3443
盐酸左旋咪唑肠溶,3444
口服补液盐Ⅱ,3445
维生素D12,3446
数字减影血管造影,3447
马来酸氯苯那敏,3448
乳酸左氧氟沙星,3449
咳嗽,3450
硫酸西索米星注射液,3451
盐酸阿夫唑嗪缓释片,3452
羟甲香豆素胶囊,3453
药用炭,3454
运动障碍,3455
新生儿脓毒症,3456
目眩,3457
丙戊酸镁,3458
小檗胺,3459
米索前列醇片,3460
硫酸链霉素,3461
维生素AD软胶囊,3462
口服五维赖氨酸葡萄糖,3463
膦甲酸钠注射液,3464
愈创甘油醚片,3465
依降钙素,3466
注射用血管紧张素,3467
头孢曲松,3468
心脏瓣膜置换术后,3469
周围循环障碍,3470
感冒发热,3471
流行性乙型脑炎灭活疫苗,3472
去氨加压素,3473
湿疹合并感染,3474
体弱多病,3475
马来酸麦角新碱,3476
利福平,3477
乳酸司帕沙星,3478
碳酸氢钠注射液,3479
镇咳,3480
葡萄糖酸依诺沙星,3481
胸腺蛋白,3482
钙缺乏症,3483
硫酸庆大霉素滴眼液,3484
门冬氨酸,3485
氯霉素滴耳液,3486
盐酸精氨酸,3487
肠内营养乳剂（TP）,3488
磷酸苯丙哌林,3489
低精蛋白胰岛素,3490
替加氟胶囊,3491
卡托普利片,3492
茶苯海明,3493
小儿硫酸亚铁糖浆,3494
氨苄西林,3495
格列齐特,3496
阴道念珠菌病,3497
注意缺陷多动障碍,3498
甲紫,3499
眼底病,3500
美西律,3501
康胃素,3502
甲地高辛,3503
右美沙芬,3504
诺氟沙星乳膏,3505
外阴瘙痒,3506
注射用甲磺酸酚妥拉明,3507
洛贝林,3508
细菌性阴道感染,3509
呋布西林钠,3510
司坦唑醇片,3511
葡萄糖氯化钠注射液,3512
盐酸赛洛唑啉喷鼻液,3513
小牛脾提取物注射液,3514
苯磺酸阿曲库铵,3515
盐酸萘甲唑林,3516
周围血管疾病,3517
碱式碳酸铋,3518
新霉素软膏,3519
苯丙哌林,3520
氯波必利,3521
严重带状疱疹,3522
依普黄酮,3523
洛哌丁胺,3524
曲安奈德鼻喷雾,3525
氯霉素耳栓,3526
生长激素,3527
盐酸左旋咪唑,3528
冻干人凝血酶原复合物,3529
盐酸尼卡地平缓释胶囊,3530
II型糖尿病,3531
碱式碳酸铋片,3532
肾癌,3533
辛伐他汀滴丸,3534
尿急,3535
洋地黄类中毒,3536
月经异常,3537
硫代硫酸钠,3538
血管舒缩性鼻炎,3539
实体恶性肿瘤,3540
盐酸普鲁卡因注射液,3541
颅脑损伤,3542
磷酸川芎嗪片,3543
醋氨己酸锌片,3544
气管炎,3545
右旋布洛芬,3546
异烟腙片,3547
胸腺刺激素,3548
硝酸益康唑,3549
硼砂甘油钾溶液,3550
氟吗西尼,3551
牡蛎碳酸钙颗粒,3552
他莫昔芬,3553
盐酸利多卡因,3554
苯丙醇,3555
双氯芬酸钠栓,3556
坏血病,3557
九维,3558
利可君片,3559
外周神经阻滞,3560
前列地尔,3561
塞替派注射液,3562
去氧氟尿苷片,3563
硫酸特布他林胶囊,3564
戊四硝酯,3565
羟丁酸钠,3566
酒石酸双氢可待因,3567
注射用头孢替唑钠,3568
乙酰水杨酸片,3569
镇咳祛痰,3570
苦参碱,3571
盐酸美他环素,3572
疼痛,3573
盐酸酚苄明,3574
阵发性室上性心动过速,3575
多巴酚丁胺,3576
阿芬太尼,3577
玻璃酸酶,3578
骨瓜提取物,3579
咯痰,3580
博来霉素,3581
盐酸氟西汀肠溶,3582
心肌缺氧,3583
盐酸去氯羟嗪,3584
氰化物中毒,3585
依帕司他片,3586
夫西地酸钠,3587
注射用夫西地酸钠,3588
细菌性前列腺炎,3589
异丁司特缓释片,3590
心绞痛,3591
高三尖杉酯碱,3592
咪唑斯汀缓释片,3593
咽炎/扁桃体炎,3594
金霉素,3595
尼卡地平,3596
依托咪酯,3597
鞣柳硼三酸散,3598
头孢克洛胶囊,3599
软组织风湿性疼痛,3600
用七氟烷,3601
盐酸普鲁卡因胺片,3602
浓煤焦油,3603
阵发性高血压,3604
丙硫氧嘧啶,3605
水杨酸苯甲酸松油搽剂,3606
醋酸亮丙瑞林,3607
维生素D3注射液,3608
眼压升高,3609
利巴韦林气雾剂,3610
盐酸普萘洛尔注射液,3611
盐酸曲唑酮,3612
葡萄糖酸锌合剂,3613
尼扎替丁片,3614
感冒头痛,3615
镇吐,3616
稳定型心绞痛,3617
过敏性疾患,3618
促进白细胞增生药,3619
失眠症,3620
二巯丁二,3621
盐酸艾司洛尔,3622
萘普生缓释胶囊,3623
手足搐弱症,3624
去水卫矛醇,3625
阿桔片,3626
硝酸益康唑溶液,3627
抗淋巴细胞球蛋白,3628
林可酰胺类,3629
小儿氨酚匹林咖啡因片,3630
胃酸分泌过多,3631
脾氨肽口服液,3632
风疹活病毒疫苗,3633
蛲虫病,3634
L-门冬氨酸氨氯地平片,3635
新生儿缺氧症,3636
利尿药,3637
荧光素钠,3638
盐酸司他斯汀片,3639
双嘧达莫,3640
马来酸甲麦角新碱,3641
甲硝唑口颊片,3642
硫酸骨素,3643
升华硫氯化氨基汞,3644
硫酸罗通定注射液,3645
奥氮平片,3646
盐酸洛非西定,3647
痰液粘稠,3648
铁铵锌铜维B1糖浆,3649
双氯芬酸钠利多卡因,3650
氧氟沙星眼膏,3651
小儿贝诺酯散,3652
频发性早搏,3653
盐酸克仑特罗,3654
右旋糖酐17,3655
钩端螺旋体病,3656
卡替洛尔,3657
支气管扩张,3658
洛莫司汀,3659
甲氨蝶呤,3660
碘塞罗宁,3661
催眠药中毒,3662
盐酸氯普鲁卡因注射液,3663
甲砜霉素颗粒,3664
维生素C钙胶囊,3665
三溴,3666
盐酸伐昔洛韦,3667
吲哚美辛片,3668
奥拉西坦胶囊,3669
七维牛磺酸口服溶液,3670
红斑狼疮,3671
土槿皮酊,3672
盐酸丙米嗪片,3673
双扑伪麻口服溶液,3674
锝[99mTc]亚甲二膦酸盐,3675
盐酸赛庚啶,3676
子宫旁组织炎,3677
可愈糖浆,3678
盐酸肾上腺素,3679
流鼻涕,3680
磷酸氯喹,3681
复方贝母氯化铵片,3682
硝普钠,3683
美司那注射液,3684
盐酸安非他酮缓释片,3685
月见草油胶丸,3686
罂粟碱,3687
对氨水杨酸钠,3688
注射用复方三维B,3689
硫酸延胡索乙素片,3690
莫海林,3691
酚甘油,3692
腹痛,3693
心脏房室传导阻滞,3694
盐酸丁咯地尔,3695
瘀斑,3696
二甲双胍,3697
注射用呋布西林钠,3698
注射用替加氟,3699
动脉粥样硬化,3700
核糖核酸Ⅱ,3701
水中毒,3702
直肠癌,3703
盐酸二甲双胍肠溶胶囊,3704
硫喷妥,3705
吲哚美辛缓释片,3706
龋齿,3707
肠内营养乳剂（TPF）,3708
美帕曲星,3709
伪麻黄碱,3710
多潘立酮,3711
甲硝唑乳膏,3712
盐酸美西律片,3713
乳酸钙片,3714
盐酸地美索酯片,3715
原发性闭角型青光眼,3716
苯妥英钠,3717
氟桂利嗪,3718
双氢青蒿素,3719
注射用门冬酰胺酶,3720
吉非罗齐,3721
泮库溴铵,3722
盐酸金霉素眼膏,3723
注射用盐酸丁卡因,3724
小儿五维赖氨酸糖浆,3725
双氢可待因-对乙酰氨基酚,3726
盐酸萘甲唑啉滴鼻液,3727
病毒性肺炎,3728
曲马朵,3729
维丙胺注射液,3730
注射用硫酸核糖霉素,3731
三环类抗抑郁药过量,3732
甲状腺危象,3733
维生素C片,3734
双氯芬酸,3735
复方酚咖伪麻胶囊,3736
色苷酸钠,3737
甲氧氯普胺片,3738
胶原酶,3739
氯沙坦钾,3740
肾功能衰竭,3741
溴化钙,3742
三维钙片,3743
复方天麻蜜环糖肽片,3744
磷[32P]酸钠,3745
注射用头孢米诺钠,3746
布美他尼,3747
鱼石脂颠茄,3748
帕罗西汀,3749
右旋糖酐20,3750
复方甘草,3751
维生素C丸,3752
异烟肼片,3753
磺巯嘌呤钠,3754
酚咖伪麻,3755
实体瘤,3756
Ⅰ型糖尿病,3757
冠心病,3758
吲达帕胺缓释胶囊,3759
冻干布氏活菌苗,3760
偏头痛,3761
脏器移植,3762
氨苯蝶啶,3763
神经痛,3764
糖尿病,3765
磷酸咯萘啶,3766
乳酸依沙吖啶贴,3767
色甘酸钠,3768
乙胺丁醇,3769
马来酸罗格列酮,3770
维胺酯胶囊,3771
头孢拉定,3772
脚癣,3773
硼酸氧化锌软膏,3774
硫酸头孢匹罗,3775
磷酸丙吡胺,3776
柳氮磺吡啶栓,3777
琥珀酸亚铁片,3778
咯血,3779
辣椒颠茄贴膏,3780
硫酸新霉素片,3781
千金藤啶碱,3782
慢性失血,3783
门冬氨酸钾镁片,3784
右旋糖酐40,3785
溶血性链球菌感染,3786
小儿先天性心脏病动脉导管未闭,3787
白内障手术,3788
盐酸布替萘芬搽剂,3789
愈创木酚甘油醚,3790
内分泌失调,3791
天麻素片,3792
酮洛芬搽剂,3793
盐酸胺碘酮胶囊,3794
盐酸麻黄碱滴鼻液,3795
胰腺外分泌功能不足,3796
五维赖氨酸颗粒,3797
浓氯化钠,3798
环丙沙星,3799
盐酸异可利定,3800
水杨酸毒扁豆碱眼膏,3801
碱式硝酸铋,3802
返酸,3803
风湿痛,3804
依那普利,3805
注射用亚胺培南西司他丁钠,3806
愈酚喷托异丙嗪,3807
美西林,3808
胃蛋白酶口服溶液,3809
五维他,3810
黄体酮胶丸,3811
眼部感染,3812
低分子肝素钙注射液,3813
米氮平片,3814
氢溴酸右美沙芬口服溶液,3815
维生素D11,3816
薄荷桉油含片（Ⅰ）,3817
心肌损害,3818
葡萄糖酸锌胶囊,3819
心脏骤停,3820
葡萄糖酸钙含片,3821
地西泮,3822
磺胺甲恶唑,3823
维生素C泡腾片,3824
五维赖氨酸片,3825
妊娠呕吐,3826
消化道念珠菌病,3827
细菌性心内膜炎,3828
二羟丙茶碱氯化钠注射剂,3829
洋地黄中毒,3830
联磺甲氧苄啶胶囊,3831
碳酸钙,3832
熊去氧胆酸,3833
单纯疱疹,3834
萘啶酸片,3835
遗传性过敏性皮炎,3836
室上性快速心律失常,3837
右旋糖酐35,3838
蛛网膜下腔麻醉,3839
青霉素,3840
胃食管反流,3841
消毒防腐,3842
替加氟,3843
氯芬待因复方片,3844
头孢克洛干混悬剂,3845
习惯性便秘,3846
注射用替卡西林钠克拉维酸钾,3847
格列吡嗪,3848
磺胺多辛,3849
利福定,3850
股癣,3851
四维钙,3852
粉刺,3853
鱼腥草素钠栓,3854
头皮脂溢性皮炎,3855
酮洛芬片,3856
地塞米松,3857
溴吡斯的明,3858
紫杉醇,3859
硝酸硫胺片,3860
匹莫林,3861
盐酸洛贝林注射液,3862
内脏平滑肌绞痛,3863
甲芬那酸,3864
盐酸左旋咪唑肠溶片,3865
氢溴酸山莨菪碱注射液,3866
硝酸益康唑栓,3867
注射用普罗瑞林,3868
骨发育不全,3869
顺铂注射液,3870
特非那定分散片,3871
吲哚美辛控释片,3872
米索前列醇,3873
室性快速型心律失常,3874
慢性结肠炎,3875
天花粉蛋白注射液,3876
胃酸分泌机能的检查,3877
精蛋白锌胰岛素,3878
手术后胸腔感染,3879
聚磺苯乙烯,3880
尼可地尔片,3881
维生素C颗粒,3882
葡萄糖酸氯己定含漱液,3883
炔诺酮,3884
葡萄糖氯化注射液,3885
去氧氟尿苷,3886
琥珀酸明胶,3887
盐酸多西环素片,3888
乳酸环丙沙星滴眼液,3889
氯化钾注射液,3890
盐酸洛美沙星颗粒,3891
组织损伤,3892
复方乳酸钠葡萄糖注射液,3893
呋脲苄青霉素钾,3894
锝[99mTc]依替菲宁,3895
灭菌注射用水,3896
盐酸米安色林,3897
利培酮,3898
乌洛托品溶液,3899
吸收性氧化纤维素,3900
盐酸尼莫司汀,3901
原发性高血压,3902
注射用纤溶酶,3903
外伤性眩晕,3904
社区获得性肺炎,3905
黄体酮,3906
水飞蓟宾葡甲胺,3907
水杨酸镁片,3908
麻木,3909
眼结膜炎,3910
背痛,3911
中毒性感染,3912
原发性开角型青光眼,3913
加巴喷丁片,3914
硝酸益康唑乳膏,3915
阿糖腺苷,3916
绒促性素,3917
碘曲仑,3918
聚乙二醇电解质散剂,3919
锥体外系疾患,3920
风湿热,3921
苦参碱栓,3922
磷酸萘酚喹,3923
甲氯芬那酸片,3924
白消安,3925
胃蛋白酶片,3926
头孢噻肟,3927
拉贝洛尔,3928
美雄酮,3929
卡络磺钠片,3930
依托度酸,3931
胸腺肽,3932
苯佐卡因,3933
苯甲酸松油,3934
舞蹈症,3935
磷酸氯喹片,3936
多巴丝肼片,3937
美酚伪麻,3938
贝那普利,3939
细菌性皮肤感染,3940
磷酸苯丙哌林胶囊,3941
非洛地平,3942
肾性高血压,3943
金诺芬,3944
盐酸哌仑西平,3945
吲哚美辛栓,3946
葡萄糖酸亚铁胶囊,3947
9氨基酸注射液-553,3948
甲硝唑口腔粘贴片,3949
氢溴酸二氢加兰他敏注射液,3950
手术前用药,3951
细菌性痢疾,3952
烟酸缺乏症,3953
神黄钠铝,3954
胃肠痉挛,3955
注射用盐酸吡柔比星,3956
过敏性结膜炎,3957
复方氨酚甲麻口服液,3958
细菌性阴道炎,3959
重度疼痛,3960
薯蓣皂苷,3961
止吐药,3962
蓖麻油,3963
三磷酸胞苷二钠注射液,3964
灼伤,3965
羚黄氨咖敏片,3966
氢化可的松新霉素滴耳液,3967
神经功能缺损,3968
盐酸去甲万古霉素,3969
培氟沙星,3970
普仑司特胶囊,3971
活动性肝炎,3972
吲哚美辛三七冰片栓,3973
雷诺氏病,3974
磷酸肌酸钠,3975
失控综合征,3976
精氨酸阿司匹林片,3977
辣椒碱软膏,3978
药物性结石形成,3979
便秘,3980
头孢氨苄颗粒,3981
羧甲淀粉钠,3982
硫酸锌口服溶液,3983
氧化锌油,3984
三相避孕片,3985
口腔科,3986
乙琥胺,3987
盐酸昂丹司琼片,3988
流感,3989
II型单纯疱疹病毒感染,3990
粘膜真菌病,3991
维生素E、C,3992
尼尔雌醇,3993
骨质疏松,3994
星形胶质细胞瘤,3995
阿仑膦酸钠,3996
胸痛,3997
蛇毒血凝酶注射液,3998
吲哒帕胺,3999
肾炎水肿,4000
氯噻酮,4001
烟酰胺,4002
氮芥,4003
右旋糖酐18,4004
普伐他汀钠,4005
奋乃静,4006
类风湿性关节炎,4007
血栓闭塞性疾患,4008
全麻,4009
替硝唑注射液,4010
复方穿心莲片,4011
盐酸胍甲环素,4012
溶菌酶肠溶,4013
叶酸片,4014
注射用甲磺酸二氢麦角碱,4015
意识障碍,4016
氧烯洛尔片,4017
维生素 E．C ,4018
贝美格,4019
西尼地平片,4020
去甲斑蝥素片,4021
亮菌甲素葡萄糖注射液,4022
异维A酸,4023
神经性皮炎,4024
阿莫西林克拉维酸钾（2:1）,4025
氯化钙溴化钠注射液,4026
麦角胺咖啡因片,4027
辣椒碱,4028
樟脑磺酸钠,4029
双唑泰,4030
精神萎靡,4031
细菌性眼睑炎,4032
原发性震颤,4033
腺苷钴胺片,4034
普罗雌烯阴道胶丸,4035
亚叶酸钙,4036
鞣酸小檗碱膜,4037
甲溴贝那替秦,4038
维参锌胶囊,4039
曲尼司特片,4040
葡萄糖酸氯己定贴,4041
甲基硫氧嘧啶,4042
盐酸格拉司琼注射液,4043
盐酸特拉唑嗪,4044
葡萄糖酸亚铁糖浆,4045
听力减退,4046
利多卡因气雾剂,4047
卡莫司汀,4048
右旋糖酐32,4049
乳酸依沙吖啶注射液,4050
乏力,4051
洛伐他汀,4052
氯普噻吨片,4053
盐酸异丙肾上腺素,4054
增生性关节炎,4055
洋地黄毒甙片,4056
丙戊酸钠,4057
复合乳酸菌胶囊,4058
磷酸氢钙片,4059
复方曲尼司特胶囊,4060
外伤,4061
炔诺酮滴丸,4062
盐酸左旋咪唑宝塔糖,4063
开塞露（含甘油）,4064
眼睑缘炎,4065
塞克硝唑片,4066
结核性脑膜炎,4067
酒石酸唑吡坦,4068
抗躁狂药,4069
休克,4070
酞丁安软膏,4071
新霉素,4072
紫癜,4073
智齿周围炎,4074
硫利达嗪,4075
降血糖药,4076
流行性感冒,4077
烧伤后疼痛,4078
其他,4079
糖尿病酮症酸中毒,4080
甲苯磺丁脲,4081
急性上呼吸道感染,4082
肾性水肿,4083
辛伐他汀胶囊,4084
硫酸锌,4085
原发性血小板减少性紫癜,4086
氨氯地平,4087
骨瓜提取物注射液,4088
外科手术后,4089
脂肪乳,4090
冻疮,4091
可待因,4092
硫酸四氢帕马丁,4093
葡萄糖酸钙,4094
戊四硝酯粉,4095
乙酰水杨酸肠溶片,4096
苯噻啶,4097
天麻素胶囊,4098
吡诺克辛,4099
替比夫定,4100
乳酸钙颗粒,4101
尼扎替丁,4102
15氨基酸注射液-690,4103
直肠感染,4104
亮丙瑞林,4105
十一酸睾酮,4106
硫酸卡那霉素,4107
樟脑软膏,4108
盐酸克林霉素阴道泡腾片,4109
阿那曲唑片,4110
早期梅毒,4111
盐酸金刚烷胺,4112
西罗莫司,4113
叶酸注射液,4114
视网膜病,4115
沙眼衣原体结膜炎,4116
硫酸异帕米星,4117
与孕激素合用作避孕药,4118
注射用甲泼尼龙琥珀酸钠,4119
吡嗪酰胺,4120
盐酸异可利定片,4121
依托芬那酯乳膏,4122
复方α-酮酸片,4123
盐酸多沙普仑,4124
吸入用色甘酸钠,4125
关节炎,4126
三磷腺苷,4127
碘化油,4128
盐酸氯普噻吨,4129
阵发室性心动过速,4130
普劳诺托,4131
硫酸新霉素滴眼液,4132
诊断各种肝脏疾病,4133
盐酸安他唑啉,4134
曲昔匹特,4135
月经不调,4136
奥卡西平,4137
抗真菌药,4138
色羟丙钠滴鼻液,4139
手术,4140
盐酸西替利嗪分散片,4141
葡萄糖酸锌,4142
损伤性疼痛,4143
其他眼科,4144
甲磺酸左旋氧氟沙星,4145
血栓性脉管炎,4146
氢氯噻嗪,4147
肾上腺色腙片,4148
维生素B6片,4149
罗红霉素胶囊,4150
盐酸乌拉地尔注射液,4151
醋酸去氧皮质酮,4152
足癣合并细菌感染,4153
山莨菪碱,4154
复方铝酸铋,4155
晚期前列腺癌,4156
阻塞性黄疸,4157
吗多明气雾剂,4158
低分子肝素钙,4159
胆影葡胺,4160
子宫内膜腺癌,4161
严重的支气管哮喘,4162
毛囊炎,4163
间苯三酚,4164
原发性肝癌,4165
特非那定胶囊,4166
盐酸特比萘芬溶液,4167
注射用异烟肼,4168
维参锌,4169
双香豆素,4170
西地磷酸苯丙哌林,4171
嗳气,4172
青光眼睫状体炎综合征,4173
乳酸心可定,4174
盐酸多巴胺,4175
可乐定透皮贴剂,4176
盐酸海索那林片,4177
胎盘多肽,4178
胰岛素,4179
阿嗪米特肠溶,4180
盐酸曲吡那敏,4181
胃膜素胶囊,4182
平喘药,4183
芬布芬,4184
新福菌素,4185
萘普生片,4186
系统性或热带真菌病,4187
盐酸四环素,4188
麦滋林-S颗粒,4189
二巯丁二酸,4190
右旋糖酐68,4191
六甲蜜胺肠溶,4192
驱绦虫药,4193
盐酸三氟拉嗪,4194
羧甲司坦,4195
尿囊素,4196
中风,4197
甲苯咪唑咀嚼片,4198
依西美坦胶囊,4199
多西环素,4200
溴吡斯的明片,4201
副睾炎,4202
乌拉地尔缓释片,4203
心绞痛急性发作,4204
神经系统疾病,4205
硫酸钡（Ⅰ型）混悬液（160%）,4206
药物稀释剂,4207
尤文肉瘤,4208
头孢孟多酯,4209
盐酸芬氟拉明,4210
神经炎,4211
枸橼酸哌嗪,4212
瘙痒性皮肤病,4213
已烯雌酚,4214
去氧肾上腺素,4215
去甲斑蝥酸钠注射液,4216
原发性震颤麻痹,4217
注射用达卡巴嗪,4218
促皮质素,4219
盐酸哌仑西平片,4220
尿素（14C）,4221
异丁司特,4222
急性粒细胞白血病,4223
维生素D8,4224
出汗,4225
益多酯片,4226
衣原体感染,4227
晕车,4228
小儿复方四维亚铁散,4229
月经痛,4230
氟烷,4231
术前预防用药,4232
心脏传导障碍,4233
人工心瓣手术后,4234
维生素B9,4235
甲氯芬酯,4236
乙酰吉他霉素,4237
右旋糖酐-70,4238
羧甲司坦泡腾片,4239
维生素B2缺乏症,4240
肿瘤,4241
萘丁美酮胶囊,4242
鱼鳞病,4243
颠茄酊,4244
注射用盐酸博来霉素,4245
愈酚甲麻那敏,4246
烟酰胺片,4247
甲萘醌亚硫酸氢,4248
扑米酮片,4249
达卡巴嗪,4250
龙脑樟脑油,4251
双香豆素片,4252
复方磺胺甲恶唑,4253
锌布,4254
维生素B16,4255
卡前列甲酯栓,4256
晕船,4257
妊娠糖尿病,4258
牙龈出血,4259
注射用胰激肽原酶,4260
小儿痱子,4261
室性心率失常,4262
盐酸克仑特罗片,4263
碘普罗胺,4264
盐酸环丙沙星栓,4265
胃肠道感染,4266
沙眼衣原体感染,4267
盐酸苄普地尔片,4268
盐酸卡替洛尔滴眼液,4269
拉氧头孢钠,4270
脑动脉硬化,4271
阿柔比星,4272
二硫化硒,4273
盐酸川芎嗪,4274
食管癌,4275
茜草双酯片,4276
甲巯咪唑片,4277
稀释性低钠血症,4278
维胺酯胶丸,4279
派达益尔,4280
棕榈氯霉素,4281
注射用头孢硫脒,4282
手术产后的感染,4283
洛度沙胺氨丁三醇滴眼液,4284
注射用二丁酰环磷腺苷钙,4285
木糖醇,4286
氨酚伪麻滴剂,4287
硫酸亚铁片,4288
氯苯那敏,4289
樟脑水合氯醛酊,4290
氯唑西林钠颗粒,4291
氯美扎酮片,4292
盐酸肾上腺素注射液,4293
克林霉素磷酸酯阴道泡腾片,4294
盐酸阿米替林,4295
亚砷酸氯化钠注射液,4296
普拉睾酮,4297
四肢酸痛,4298
苯溴马隆,4299
碳酸铋,4300
蹄甲多肽片,4301
头孢哌酮钠他唑巴坦钠,4302
完全性房室传导阻滞,4303
喉炎,4304
左旋咪唑,4305
五味子,4306
磺胺嘧啶,4307
亚硝酸异戊酯,4308
盐酸曲马多,4309
异型肺炎,4310
氯贝酸铝片,4311
萘丁美酮分散片,4312
氢溴酸右美沙芬胶囊,4313
那可丁片,4314
氯霉素类,4315
玻璃体混浊,4316
急性心肌梗塞,4317
角膜炎,4318
浅部真菌感染,4319
羧甲司坦（用）,4320
盐酸溴己新片,4321
阿奇霉素,4322
苯甲酸雌二醇软膏,4323
头孢克洛,4324
磷酸腺嘌呤片,4325
巯嘌呤片,4326
双唑泰棉,4327
普罗帕酮,4328
匹维溴铵,4329
乙酰麦迪霉素干混悬剂,4330
安达美,4331
霉菌性阴道炎,4332
睡眠障碍,4333
舞蹈手足徐动症,4334
腹膜炎,4335
发育不良,4336
利福喷汀,4337
己酸羟孕酮,4338
阿佐塞米,4339
头孢呋辛钠,4340
阿莫西林/双氯西林钠,4341
再发性鼻出血,4342
米诺地尔片,4343
乳酸环丙沙星,4344
亚胺培南西司他丁钠,4345
维生素E注射液,4346
右旋糖酐铁片,4347
二巯丙磺,4348
盐酸萘甲唑林滴鼻液,4349
癌肿,4350
酒石酸美托洛尔,4351
脑供血不足,4352
羟嗪,4353
亚锡亚甲基二膦酸盐,4354
维生素D4,4355
茴三硫,4356
肠道感染,4357
氯化氨基汞,4358
过敏性眼炎,4359
盐酸阿呋唑嗪,4360
维生素B1片,4361
乳酸左氧氟沙星片,4362
皮肤粘膜的过敏,4363
上颌窦炎,4364
遗尿,4365
参芪鱼肝油凝胶,4366
氧氟沙星软膏,4367
盐酸贝那普利,4368
硫酸异丙肾上腺素注射液,4369
鞣柳硼三酸,4370
硝酸益康唑喷剂,4371
晚期癌症,4372
羧甲司坦口服溶液,4373
海巴青霉素Ｖ,4374
盐酸胺碘酮注射液,4375
奥硝唑,4376
外阴阴道念珠菌病,4377
胰酶,4378
[201Tl],4379
联苯苄唑,4380
羟丁酸,4381
手术后伤口感染,4382
铁铵锌铜维B1,4383
格列吡嗪缓释片,4384
鞣酸加压素注射液,4385
壬苯醇醚膜,4386
小儿善存片,4387
利巴韦林喷,4388
运动后损伤性疼痛,4389
三维葡磷钙咀嚼片,4390
麦白霉素片,4391
多巴胺,4392
硫普罗宁,4393
注射用盐酸吉西他滨,4394
鼻炎,4395
曲托喹酚,4396
盐酸阿莫罗芬搽剂,4397
曲昔派特,4398
透明质酸,4399
薄荷脑,4400
梭状芽孢杆菌感染,4401
小儿非化脓性中耳炎,4402
硝酸硫胺,4403
硫酸巴龙霉素,4404
维生素E,4405
消毒,4406
体外循环,4407
氨酚氯雷伪麻缓释片,4408
外伤性疼痛,4409
胃及十二指肠溃疡,4410
利巴韦林葡萄糖注射液,4411
术后疼痛,4412
培哚普利,4413
恶性肿瘤,4414
阿普唑仑,4415
酞丁安,4416
甘珀酸,4417
哌甲酯,4418
鞣酸小檗碱,4419
无力,4420
维生素,4421
头颈部癌,4422
严重鼻出血,4423
对乙酰氨基酚分散片,4424
舒哌酮,4425
稀戊二醛,4426
聚乙二醇4000散,4427
三维葡磷钙,4428
氯霉素眼膏,4429
倍他米松,4430
注射用氨苄西林钠,4431
罗布麻,4432
气喘,4433
盐酸地尔硫卓控释胶囊,4434
外眼部感染,4435
上呼吸道过敏性疾病,4436
盐酸金刚乙胺片,4437
地芬诺酯,4438
水飞蓟宾葡甲胺片,4439
琥乙红霉素分散片,4440
烧伤性休克,4441
替勃龙片,4442
心脏手术,4443
盐酸左旋咪唑栓,4444
维生素B15,4445
中枢性呼吸抑制,4446
肾及泌尿系统功能的检查,4447
硫酸卡那霉素滴眼液,4448
碘海醇,4449
亚胺培南,4450
口服补液盐,4451
强迫症,4452
感冒,4453
盐酸美克洛嗪,4454
代谢性酸中毒,4455
司坦唑醇,4456
胃酸反流合并吸入性肺炎,4457
对乙酰氨基酚混悬液,4458
8氨基酸注射液-510,4459
昔萘酸沙美特罗气雾剂,4460
角鲨烯胶丸,4461
口服补液盐溶液,4462
浓替硝唑漱液,4463
头孢克肟,4464
烫伤,4465
枸橼酸锌,4466
美愈伪麻,4467
麦白霉素胶囊,4468
多动症,4469
盐酸丙卡巴肼,4470
十一酸睾酮注射液,4471
出血,4472
甲磺酸左氧氟沙星片,4473
咽干,4474
外阴炎,4475
散瞳药,4476
弱视,4477
子宫内膜异位症,4478
复方头孢克洛干混悬剂,4479
丘疹,4480
消化系统疾病,4481
多沙普仑,4482
氯己定苯佐卡因含片,4483
双扑伪麻,4484
动脉硬化,4485
复方支链氨基酸3H注射液,4486
吡拉西坦脑蛋白,4487
泻药,4488
丁苄唑啉,4489
盐酸舍曲林,4490
利巴韦林,4491
硫酸钡（Ⅰ型）,4492
疟疾,4493
诺氟沙星注射液,4494
亮菌甲素氯化钠注射液,4495
卡托普利注射液,4496
药物诱发的锥体外系疾患,4497
米诺地尔酊,4498
富马酸福莫特罗,4499
流行性出血热,4500
盐酸索他洛尔,4501
维生素K1,4502
马来酸氯苯那敏注射液,4503
D缺乏症,4504
托吡卡胺滴眼液,4505
维生素E片,4506
尿嘧啶替加氟胶囊,4507
盐酸曲美他嗪,4508
阵发性室性和房性心动过速,4509
四环素软膏,4510
扑尔伪麻片,4511
盐酸瑞芬太尼,4512
注射用阿莫西林钠,4513
茶碱控释胶囊,4514
妥布霉素氯化钠,4515
注射用维生素C,4516
盐酸三氟哌多,4517
富马酸比索洛尔,4518
盐酸左旋咪唑糖浆,4519
咽喉炎,4520
碱式硝酸铋片,4521
甲氧氯普胺,4522
利福平滴眼液,4523
阿扑吗啡,4524
藻酸双脂钠,4525
升华硫,4526
肺结核,4527
头孢丙烯片,4528
磷酸可待因,4529
己烯雌酚,4530
盐酸利多卡因注射液,4531
溴丙胺太林片,4532
咪唑斯汀,4533
甲苯磺酸妥舒沙星,4534
注射用盐酸大观霉素,4535
寻常性痤疮,4536
盐酸氮卓斯汀,4537
盐酸莫雷西嗪,4538
羟基脲,4539
磷酸哌嗪片,4540
肝炎,4541
一过性脑供血不足,4542
羟甲烟胺片,4543
止痒,4544
盐酸曲马多胶囊,4545
兴奋过度,4546
乳酸林格注射液,4547
微循环障碍,4548
口干,4549
吻合口溃疡,4550
急性脑梗塞,4551
曲匹地尔片,4552
盐酸林可霉素滴耳液,4553
盐酸氟西泮胶囊,4554
表柔比星,4555
维胺酯,4556
氨苯砜,4557
甲氧苄啶,4558
咽喉痛,4559
伊曲康唑胶囊,4560
头孢布烯,4561
异甘草酸镁,4562
白色念珠菌感染,4563
三日疟,4564
特利加压素,4565
洗涤伤口,4566
非那西丁,4567
吗啡阿托品注射液,4568
盐酸米安色林片,4569
硼酸软膏,4570
隐球菌感染,4571
盐酸川芎嗪注射液,4572
注射用酒石酸美托洛尔,4573
胎盘多肽注射液,4574
还原型谷胱甘肽滴眼液,4575
止痒药,4576
急慢性肝炎,4577
硫酸庆大霉素注射液,4578
葡萄糖酸锑钠,4579
腋臭,4580
葡萄糖酸钙注射液,4581
氯喹,4582
液状石蜡,4583
玛特纳,4584
盐酸地尔硫卓缓释片,4585
格列喹酮胶囊,4586
碳酸钙片,4587
蛛网膜下腔出血,4588
头孢氨苄片,4589
甲磺酸培氟沙星软膏,4590
蒙脱石散剂,4591
盐酸氨基葡萄糖胶囊,4592
丙谷胺,4593
硫酸长春碱,4594
曲尼司特,4595
芬太尼,4596
马来酸噻马洛尔,4597
肩周炎,4598
术后感染,4599
维生素D5,4600
依他尼酸,4601
盐酸氯胺酮,4602
硝苯地平片,4603
地诺前列素,4604
尼莫地平缓释胶囊,4605
硫唑嘌呤,4606
雷尼替丁氯化钠,4607
胀满,4608
回归热,4609
维生素B2注射液,4610
天麻素注射液,4611
泛癸利酮,4612
硫酸骨素A钠,4613
司可巴比妥钠,4614
手足多汗症,4615
氯丙嗪异丙嗪注射液,4616
口服补液盐Ⅰ,4617
硝酸甘油贴,4618
酚麻美敏口服溶液,4619
头孢泊肟酯,4620
氯化钙,4621
小儿麻痹后遗症,4622
疼痛所致的失眠,4623
匹多莫德颗粒剂,4624
氯丙嗪,4625
打喷嚏,4626
葡萄糖酸锑,4627
吲哚菁绿,4628
小儿脑膜炎,4629
胃肠绞痛,4630
鱼腥草素,4631
聚肌胞,4632
接触性皮炎,4633
注射用脂溶性维生素（Ⅰ）,4634
苯丁酸氮芥,4635
磷酸哌喹,4636
尿频,4637
醋氯芬酸片,4638
小牛血去蛋白提取物,4639
纳洛酮,4640
二氧丙嗪,4641
孟鲁司特钠,4642
马来酸氟伏沙明片,4643
甲磺酸倍他司汀片,4644
普鲁卡因肾上腺素注射液,4645
右旋糖酐33,4646
链球菌感染,4647
硝呋太尔,4648
晕动症,4649
辛伐他汀干混悬剂,4650
盐酸昂丹司琼注射液,4651
术中维持肌松,4652
注射用乙胺硫脲,4653
盐酸羟嗪片,4654
林旦,4655
祛痰药,4656
抗心力衰竭药,4657
吉非罗齐片,4658
硝呋太尔片,4659
未梢神经炎,4660
愈酚甲麻那敏糖浆,4661
术前准备,4662
单纯性甲状腺肿,4663
依西美坦,4664
苯妥英,4665
灭菌前列腺素E2,4666
哌唑嗪,4667
利福平眼膏,4668
亮菌甲素,4669
战伤,4670
美沙拉嗪肠溶片,4671
缺血性心脏病,4672
盐酸罗通定片,4673
奥硝唑注射液,4674
美司那,4675
复方阿莫西林,4676
聚肌胞注射液,4677
盐酸氯丙嗪,4678
高血糖素,4679
吡喹酮,4680
注射用多西环素,4681
拉西地平,4682
支气管扩张症,4683
小儿发育不全,4684
鞣酸苦参碱,4685
戊酸雌二醇,4686
眼底出血,4687
六甲蜜胺肠溶片,4688
脾氨肽,4689
特酚伪麻,4690
心肌肽,4691
双氢青蒿素片,4692
甘珀酸钠,4693
注射用奥硝唑,4694
硝西泮片,4695
异卡波肼片,4696
喷他佐辛,4697
克念菌素片,4698
阿昔洛韦,4699
托吡酯,4700
慢性萎缩性胃炎,4701
创伤性疼痛,4702
注射用普鲁卡因青霉素,4703
盐酸异丙肾上腺素气雾剂,4704
米安色林,4705
单硝酸异山梨酯,4706
阿司咪唑片,4707
倦怠,4708
上腹部不适,4709
注射用硫普罗宁,4710
盐酸罗格列酮片,4711
硬脂酸红霉素胶囊,4712
注射用甲氨蝶呤,4713
依西酸喷他脒,4714
中耳炎,4715
氯化钾,4716
谷氨酸,4717
磷酸咯萘啶片,4718
上颌骨骨膜炎,4719
碳酸利多卡因,4720
溴化钠,4721
炎症性疼痛,4722
青蒿素,4723
心肌梗死后,4724
美洛昔康分散片,4725
麦迪霉素片,4726
注射用盐酸精氨酸,4727
降钙素,4728
肝素钠,4729
出血性带状疱疹,4730
佐匹克隆,4731
盐酸米诺环素片,4732
枸橼酸氯米芬,4733
复方乳酸葡萄糖注射液,4734
阿卡波糖,4735
关节肿痛,4736
痛风性关节炎急性发作,4737
肾功能不全,4738
琥珀酸舒马普坦,4739
盐酸麻黄碱注射液,4740
酒石酸托特罗定胶囊,4741
功能性消化不良,4742
富马酸酮替芬分散片,4743
葡萄糖酸锌颗粒,4744
硫酸卷曲霉素,4745
维生素E（天然型）,4746
水囊引产,4747
氟罗沙星,4748
尿素乳膏,4749
盐酸环丙沙星滴眼液,4750
盐酸克仑特罗栓,4751
注射用阿曲库铵苯磺酸盐,4752
结核病,4753
血栓性静脉炎,4754
甲磺酸培氟沙星注射液,4755
促凝血药,4756
氯磺丙脲片,4757
美敏伪麻口服溶液,4758
硫酸锌颗粒,4759
盐酸去氧肾上腺素注射液,4760
兔热病,4761
细菌性阴道病,4762
利福昔明干混悬剂,4763
赖氨葡锌颗粒,4764
盐酸丁丙诺啡舌下片,4765
酮替芬,4766
诺氟沙星,4767
软组织肉瘤,4768
阿司咪唑,4769
抗癫痫药,4770
普仑司特,4771
四环素片,4772
肝硬化,4773
万古霉素,4774
烟酸缺乏,4775
奥沙西泮,4776
考来烯胺散,4777
注射用亚锡喷替酸,4778
注射用头孢孟多酯钠,4779
依巴斯汀,4780
充血型心力衰竭,4781
运动诱发的哮喘,4782
肥胖,4783
肾上腺皮质功能不足症,4784
磷酸苯丙哌林缓释片,4785
十维铁咀嚼片,4786
亚硒酸钠,4787
氯唑沙宗片,4788
喹诺酮类,4789
孕三烯酮胶囊,4790
莫雷西嗪,4791
肾上腺色腙,4792
普罗瑞林,4793
对氨基水杨酸钠,4794
氢溴酸右美沙芬,4795
注射用头孢哌酮钠他唑巴坦钠,4796
注射用乳酸依沙吖啶,4797
青霉素V钾片,4798
肼屈嗪,4799
盐酸曲马多栓,4800
颅脑外伤,4801
愈创维林那敏,4802
寻常疣,4803
维生素AD缺乏症,4804
氧烯洛尔,4805
水杨酸氧化锌软膏,4806
失血,4807
体位性眩晕,4808
外伤后,4809
帕米膦酸二钠,4810
注射用喷昔洛韦,4811
苯海拉明,4812
鱼腥草素钠,4813
神经麻痹,4814
注射用盐酸丁咯地尔,4815
沙丁胺醇气雾剂,4816
白内障,4817
十一酸睾酮胶囊,4818
四环素可的松眼膏,4819
血小板减少性紫癜,4820
脑血管痉挛,4821
庆大霉素,4822
蜂窝组织炎,4823
喘鸣,4824
硝酸益康唑喷,4825
疫苗类,4826
心房扑动电转复后,4827
注射用鹿瓜多肽,4828
头孢克洛缓释片,4829
樟脑搽剂,4830
倍他胡萝卜素,4831
胆酸钠,4832
鱼石脂软膏,4833
盐酸马普替林片,4834
诺氟沙星胶囊,4835
尼群地平胶囊,4836
复方曲安奈德乳膏,4837
周身疼痛,4838
硫酸抗敌素,4839
盐酸林可霉素片,4840
依托泊苷,4841
小儿佝偻病,4842
酚酞,4843
愈创甘油醚,4844
心悸,4845
双氯芬酸二乙胺,4846
水肿少尿,4847
血氨过多,4848
氯碘羟喹乳膏,4849
硫酸新霉素,4850
盐酸哌甲酯,4851
盐酸青藤碱肠溶,4852
腹内感染,4853
药用炭片,4854
手术中休克,4855
酒精肝,4856
牛皮癣,4857
丘疹性荨麻疹,4858
胆维丁乳,4859
甲萘醌亚硫酸氢钠,4860
盐酸布比卡因注射液,4861
高胰岛素血症,4862
依米丁,4863
乳酸菌素颗粒,4864
注射用卡络磺钠,4865
硝酸毛果芸香碱,4866
西咪替丁片,4867
尿促性素,4868
达肝素钠,4869
盐酸舒托必利,4870
枸橼酸镓[67Ga],4871
诺氟沙星栓,4872
硫酸美芬丁胺,4873
风湿,4874
严重支气管哮喘,4875
前列腺炎,4876
五肽胃泌素注射液,4877
甲氧芳芥,4878
乙型脑炎,4879
牡蛎碳酸钙片,4880
环磷酰胺,4881
营养不良的肿瘤患者,4882
甲硝唑洗液,4883
脑栓塞,4884
胃痛,4885
六合氨基酸,4886
溴化钙注射液,4887
盐酸奥布卡因滴眼液,4888
注射用盐酸哌甲酯,4889
盐酸氟西汀肠溶片,4890
非格司亭,4891
碳酸钙胶囊,4892
剧痛,4893
体外受精,4894
盐酸酚苄明注射液,4895
刺激性干咳,4896
盐酸可乐定注射液,4897
三溴片,4898
消旋山莨菪碱,4899
头孢氨苄甲氧苄啶片,4900
血管性痴呆,4901
碳酸锂,4902
阿司匹林散,4903
秋水仙碱,4904
硫酸小诺霉素片,4905
气促,4906
抗结核药,4907
头孢拉定颗粒,4908
吲哚美辛肠溶片,4909
口服五维葡萄糖,4910
膦甲酸钠,4911
单磷酸阿糖腺苷,4912
硫酸粘菌素,4913
顽固性妊娠呕吐,4914
硝苯地平缓释胶囊,4915
牛磺酸散,4916
硫酸氨基葡萄糖钾片,4917
脑性麻痹症,4918
硫酸沙丁胺醇缓释片,4919
右旋糖酐铁注射液,4920
外用消毒,4921
盐酸阿呋唑嗪片,4922
乳酸左氧氟沙星注射液,4923
注射用硝普钠,4924
菌痢,4925
淋病,4926
磷酸哌嗪宝塔糖,4927
邻碘[131I]马尿酸钠,4928
盐酸曲托喹酚,4929
盐酸普萘洛尔片,4930
溶骨性癌转移,4931
甲硫酸新斯的明注射液,4932
失血性休克,4933
右旋糖酐65,4934
愈美片,4935
注射用盐酸多柔比星,4936
肾上腺皮质功能减退,4937
氧化锌硫软膏,4938
盐酸曲马多滴剂,4939
盐酸阿普林定,4940
维生素K4片,4941
尿路念珠菌感染,4942
青春期前隐睾症的诊断和治疗,4943
替硝唑阴道泡腾片,4944
司可巴比妥钠胶囊,4945
生殖器疱疹,4946
美他环素,4947
硝苯地平,4948
克拉维酸钾/羟氨苄青霉素（1:4）干混悬剂,4949
戈那瑞林,4950
手术伤口,4951
感染性心内膜炎,4952
心血管疾病,4953
尿激酶,4954
子宫颈癌,4955
盐酸可乐定片,4956
双相情感性精神障碍,4957
肢痛,4958
盐酸胍甲环素胶囊,4959
复方硝酸益康唑软膏,4960
盐酸曲唑酮片,4961
心肌梗死后持续心绞痛,4962
慢性风湿性关节炎,4963
慢性溃疡,4964
盐酸金刚烷胺片,4965
安乃近,4966
心绞痛发作,4967
吲哚美辛软膏,4968
盐酸头孢他美酯,4969
注射用核糖核酸Ⅱ,4970
性病性淋巴肉芽肿,4971
硫酸阿托品眼膏,4972
应激性溃疡,4973
溶菌酶肠溶片,4974
注射用阿奇霉素枸橼酸二氢钠,4975
流行性乙型脑炎,4976
高热,4977
原发性骨质疏松症,4978
达那唑,4979
手足搐搦症,4980
盐酸喷他佐辛,4981
依诺沙星滴眼液,4982
硼酸酒精,4983
利胆药,4984
中枢性尿崩症,4985
维生素B7,4986
盐酸异丙肾上腺素注射液,4987
青霉素V钾,4988
乌拉地尔,4989
克霉唑阴道泡腾片,4990
醋氯芬酸,4991
甘磷酰芥,4992
氟吗西尼注射液,4993
盐酸伪麻黄碱片,4994
榄香烯,4995
氯己定甲硝唑乳膏,4996
阻塞性肺疾病,4997
无排卵性不孕症,4998
盐酸西替利嗪滴剂,4999
盐酸马普替林,5000
肢体麻木,5001
氢溴酸右美沙芬片,5002
室上性快速型心律失常,5003
硝酸咪康唑溶液,5004
苯巴比妥,5005
阵发性室性心动过速,5006
十一烯酸酊,5007
头孢菌素类,5008
影像诊断,5009
酚麻美敏胶囊,5010
赖诺普利,5011
局部麻醉药,5012
碘他拉葡胺,5013
大黄粉,5014
葡醛酸钠,5015
其它,5016
五维葡萄糖,5017
左炔诺孕酮肠溶胶囊,5018
美沙拉嗪,5019
脑血管病,5020
没食子酸铋,5021
葡萄糖酸钙维D2咀嚼片,5022
安素,5023
发作性睡病,5024
红斑,5025
盐酸美司坦片,5026
孕三烯酮,5027
急性外伤痛,5028
恶性葡萄胎,5029
丁溴东莨菪碱,5030
小儿复方磺胺甲噁唑颗粒,5031
维生素D13,5032
眼部干涩,5033
美洛昔康,5034
洋地黄毒甙,5035
复方龙脑樟脑油,5036
乙胺硫脲,5037
乙酰唑胺片,5038
慢性传染性疾病,5039
雷米普利,5040
盐酸拉贝洛尔片,5041
琥珀酸舒马普坦胶囊,5042
溴己新,5043
盐酸洛美沙星胶囊,5044
+E7262葡萄糖,5045
聚乙烯醇,5046
四环素醋酸可的松眼膏,5047
手术后感染,5048
周围血管病,5049
十维,5050
顺铂,5051
清洁肠道,5052
右旋糖酐-40,5053
注射用丝裂霉素,5054
复方磺胺甲噁唑分散片,5055
复方土槿皮酊,5056
吻合口溃疡出血,5057
泼尼松,5058
牡蛎碳酸钙,5059
氢溴酸加兰他敏胶囊,5060
血管栓塞性疾病,5061
肝胆疾病,5062
克拉维酸钾,5063
头孢氨苄胶囊,5064
益康唑,5065
阿司匹林,5066
口腔粘膜炎,5067
盐酸氯环利嗪乳膏,5068
灰黄霉素,5069
硫酸钡（Ⅱ型）,5070
硫喷妥钠,5071
熊胆薄荷,5072
硫糖铝咀嚼片,5073
美司钠,5074
盐酸金刚烷胺胶囊,5075
妊娠早期先兆流产,5076
神经性偏头痛,5077
三维制霉素,5078
头晕,5079
盐酸四环素片,5080
多巴丝肼,5081
骨性关节炎,5082
注射用两性霉素B,5083
头孢羟氨苄颗粒剂,5084
维生素EC片,5085
盐酸丁卡因片,5086
氯霉素注射液,5087
肌苷,5088
头孢尼西钠,5089
咽喉脓肿,5090
颈椎病,5091
得宝松,5092
软组织病,5093
盐酸哌替啶片,5094
四肢静脉造影,5095
富马酸酮替芬,5096
急性粒细胞性白血病,5097
急性单核细胞性白血病,5098
腰膝酸痛,5099
头孢噻吩钠,5100
注射用磷酸肌酸钠,5101
盐酸拉贝洛尔,5102
舒巴坦钠/阿莫西林钠,5103
利多卡因氯己定气雾剂,5104
注射用辅酶A,5105
氨酚曲马多,5106
阿片中毒,5107
盐酸二氢埃托啡,5108
眼睛疲劳,5109
阿佐塞米片,5110
早醒,5111
右旋糖酐70甘油滴眼液,5112
氢溴酸东莨菪碱片,5113
甲砜霉素,5114
萘普生钠注射液,5115
食欲缺乏,5116
克霉唑药膜,5117
枸橼酸坦度螺酮,5118
氢溴酸东莨菪碱注射液,5119
白芍总苷,5120
维生素B13,5121
左旋甲状腺素钠片,5122
神经传导阻滞,5123
樟脑磺酸钠注射液,5124
氨肽碘,5125
特发性血小板减少性紫癜,5126
十维锌铁钙胶囊,5127
注射用甘氨双唑钠,5128
帕金森病,5129
维C橙皮苷颗粒,5130
多抗甲素,5131
辛伐他汀片,5132
鱼肝油,5133
卡苯达唑,5134
乳酸钙,5135
米力农注射液,5136
樟脑薄荷柳酯乳膏,5137
重症感染,5138
慢性关节炎,5139
强直性脊椎炎,5140
硫酸奎尼丁片,5141
腺苷钴胺,5142
酮洛芬贴片,5143
愈美胶囊,5144
硼酸洗液,5145
克拉霉素干混悬剂,5146
大肠癌,5147
呼吸道感染,5148
洋地黄毒苷,5149
氯法齐明,5150
盐酸曲马多注射液,5151
急慢性中耳炎,5152
小儿氨酚匹林片,5153
水杨酸,5154
磷酸可待因片,5155
低氯性代谢性碱中毒,5156
吗啡,5157
马来酸依那普利片,5158
肠内营养乳（TPF-T）,5159
甲羟孕酮,5160
萝芙木,5161
亚硫酸氢钠甲萘醌,5162
远志酊,5163
尼麦角林,5164
青霉素皮试,5165
嗜铬细胞瘤,5166
莫匹罗星,5167
心源性哮喘,5168
替卡西林,5169
芦氟沙星,5170
硫酸卡那霉素注射液,5171
纤维蛋白溶解亢进,5172
肺栓塞,5173
依托度酸缓释片,5174
黄体酮胶囊,5175
调节麻痹,5176
盐酸妥卡尼片,5177
高血压危象,5178
盐酸美西律,5179
注射用头孢匹胺钠,5180
妥布霉素氯化钠注射液,5181
肾绞痛,5182
盐酸倍他司汀注射液,5183
消化道内镜检查,5184
增殖性肾炎,5185
四环素眼膏,5186
脑外伤,5187
烧烫伤,5188
注射用阿昔洛韦,5189
糖尿病引起的肾病,5190
眩晕症,5191
曲安西龙,5192
聚乙二醇,5193
盐酸哌甲酯片,5194
盐酸舍曲林胶囊,5195
甲磺酸罗哌卡因氯化钠注射液,5196
尼可刹米,5197
甲酚皂,5198
甲钴胺,5199
吞咽困难,5200
银屑病,5201
化脓性链球菌性咽炎,5202
须癣,5203
抑肽酶,5204
盐酸曲马多缓释胶囊,5205
子痫,5206
精制白喉抗毒素,5207
注射用苯巴比妥钠,5208
克霉唑软膏,5209
青霉素Ｖ,5210
阿德福韦酯胶囊,5211
生殖系感染,5212
肾上腺素,5213
慢性肾功能衰竭,5214
麻疯病,5215
溴新斯的明,5216
曲安奈德新霉素贴膏,5217
组织脱水剂,5218
子宫肌瘤,5219
菌血症,5220
龙胆碳酸氢钠散,5221
巨细胞病毒感染,5222
盐酸氯哌丁片,5223
氧化亚氮,5224
锝[99mTc]植酸盐,5225
气道阻塞性疾病,5226
上呼吸道过敏,5227
甘草锌,5228
盐酸氨溴索胶囊,5229
氧氟沙星,5230
异丙安替比林,5231
莫拉司亭,5232
甲状腺机能亢进,5233
子宫出血,5234
托拉塞米注射液,5235
异氟烷,5236
维生素AD胶丸,5237
酮康唑乳膏,5238
替加氟栓,5239
富马酸氯马斯汀干混悬剂,5240
牡蛎碳酸钙泡腾片,5241
炉甘石,5242
慢性疼痛,5243
盐酸二甲弗林,5244
肢体痛,5245
腹膜透析液,5246
眼氨肽,5247
注射用羧苄西林钠,5248
丁卡因,5249
注射用亚锡双半胱氨酸,5250
马来酸噻吗洛尔,5251
胰腺疾病引起的消化障碍,5252
肝功能损害,5253
双氯芬酸钠肠溶片,5254
重酒石酸长春瑞滨,5255
乳酸诺氟沙星,5256
二羟丙茶碱,5257
肢端动脉痉挛症,5258
利血平片,5259
硫酸锌片,5260
乳糜泻,5261
硝酸甘油注射液,5262
盐酸丙咪嗪,5263
肌醇,5264
抗心绞痛药,5265
香草醛片,5266
二甲弗林,5267
维生素B5,5268
洛度沙胺氨丁三醇,5269
盐酸莫雷西嗪片,5270
稀甘油,5271
引产,5272
磷酸氢钙咀嚼片,5273
抗血栓药,5274
炎症性眼病,5275
萘普生钠片,5276
病毒性心肌炎,5277
氨溶液,5278
藻酸双酯钠片,5279
硝卡芥,5280
锌布片,5281
习惯性流产,5282
替硝唑含片,5283
甲萘氢醌,5284
左心室衰竭,5285
碳酸锂缓释片,5286
硬脂酸红霉素颗粒,5287
丙硫异烟胺,5288
水飞蓟宾,5289
有机磷酸酯类中毒,5290
白芍总苷胶囊,5291
盐酸纳洛酮,5292
依诺沙星,5293
乙酰半胱氨酸胶囊,5294
云芝多糖胶囊,5295
注射用前列腺素E1,5296
葡甘聚糖,5297
甘油果糖输液,5298
腱鞘炎,5299
磷酸伯氨喹片,5300
心搏骤停,5301
氟西汀,5302
硫酸特布他林注射液,5303
水痘,5304
氯普噻吨,5305
氢溴酸烯丙吗啡,5306
匹多莫德分散片,5307
利鲁唑片,5308
喷雾用乙酰半胱氨酸,5309
肾病,5310
心脑血管疾病,5311
尼美舒利片,5312
左炔诺孕酮,5313
匹多莫德,5314
吲哚美辛肠溶,5315
注射用玻璃酸酶,5316
正红花油,5317
甲醛甲酚,5318
玛特纳片,5319
真菌感染,5320
衣原体属感染,5321
基因工程乙肝疫苗,5322
乳酸菌素,5323
全身复合麻醉,5324
右旋糖酐36,5325
米氮平,5326
外伤出血,5327
肾脏和泌尿生殖系统感染,5328
手术前给药,5329
氯化氨基汞软膏,5330
头孢丙烯颗粒,5331
外耳道炎,5332
盐酸林可霉素软膏,5333
藻酸双酯钠,5334
亚急性重症肝炎,5335
甲状腺,5336
水解蛋白,5337
全身酸痛,5338
灵孢多糖注射液,5339
乙酰水杨酸肠溶,5340
结合雌激素,5341
马来酸噻马洛尔片,5342
卡比多巴片,5343
其他抗肿瘤药,5344
盐酸安非他酮,5345
雷公藤多苷,5346
甲基多巴片,5347
非诺洛芬钙,5348
盐酸阿夫唑嗪,5349
慢性肝炎,5350
萘普生注射液,5351
双唑泰栓,5352
乌拉地尔注射液,5353
病毒性感冒,5354
胞磷胆碱,5355
脑水肿,5356
阿那曲唑,5357
萎缩性胃炎,5358
盐酸哌唑嗪片,5359
维生素K缺乏症,5360
盐酸依托必利分散片,5361
艾司唑仑,5362
挫伤,5363
盐酸克林霉素,5364
帕米膦酸二钠注射液,5365
甲型肝炎疫苗,5366
苯丙酸诺龙,5367
喉部感染,5368
急性粒细胞减少症,5369
天麻蜜环糖肽,5370
萘夫西林钠,5371
阴囊炎,5372
盐酸克林霉素溶液,5373
盐酸巴氨西林,5374
肌痛,5375
降血脂药,5376
恶性疟,5377
硝酸毛果芸香碱滴眼液,5378
甲磺酸二氢麦角碱片,5379
胰酶肠溶胶囊,5380
慢性腹泻,5381
手术麻醉,5382
枸橼酸铋雷尼替丁胶囊,5383
盐酸氯米帕明注射液,5384
甲硝唑口含片,5385
乙氧黄酮片,5386
长春西汀,5387
应激性溃疡大出血,5388
抗肿瘤,5389
附件炎,5390
无极膏,5391
头孢丙烯分散片,5392
替加氟片,5393
联苯双酯,5394
胃泌素瘤,5395
胸腺肽肠溶胶囊,5396
硫酸妥布霉素,5397
棕榈酸哌泊塞嗪,5398
毒毛花苷K,5399
苯扎贝特,5400
脑出血后遗症,5401
药物中毒,5402
泮托拉唑钠肠溶胶囊,5403
盐酸氨溴索,5404
注射用头孢唑肟钠,5405
注射用青蒿琥酯,5406
氢溴酸苯甲托品,5407
泮托拉唑钠肠溶,5408
环戊硫酮片,5409
碘番酸,5410
甲砜霉素片,5411
苄氟噻嗪,5412
外阴干枯症,5413
异烟肼注射液,5414
注射用硫酸长春新碱,5415
乙水杨胺,5416
色羟丙钠,5417
依降钙素注射液,5418
诊断Graves病,5419
磷酸苯丙哌林片,5420
溴苄铵注射液,5421
巨幼红细胞性贫血,5422
维D2磷葡钙片,5423
胃灼热,5424
皮肤软组织感染,5425
室性心动过速,5426
昂丹司琼,5427
桂利嗪,5428
盐酸倍他司丁,5429
甲磺酸倍他司汀,5430
甘油磷酸钙,5431
盐酸异丙嗪片,5432
喘息性支气管炎,5433
丙戊酸,5434
门冬氨酸钾镁口服溶液,5435
口疮,5436
利福定片,5437
卓-艾综合征,5438
咽喉疼痛,5439
溴异丙东莨菪碱气雾剂,5440
罗格列酮,5441
上尿路及复杂性尿路感染,5442
硫磺硼砂乳膏,5443
萘普生胶囊,5444
板蓝根颗粒,5445
复方王不留行片,5446
格列吡嗪缓释胶囊,5447
五维赖氨酸葡萄糖,5448
克拉维酸钾/羟氨苄青霉素胶囊,5449
盐酸溴己新,5450
辛伐他汀咀嚼片,5451
阻滞麻醉,5452
羟甲烟胺,5453
盐酸去氧肾上腺素,5454
盐酸万乃洛韦,5455
多柔比星,5456
先兆子痫,5457
尿素维E,5458
氯屈膦酸二钠,5459
氢溴酸右美沙芬糖浆,5460
双水杨酯,5461
利福平片,5462
拉西地平片,5463
普萘洛尔,5464
亚锡喷替酸,5465
吸入性肺炎,5466
维生素C,5467
磷酸苯丙哌林口服溶液,5468
盐酸氟西汀,5469
注射用抗乙肝免疫核糖核酸,5470
盐酸舒托必利片,5471
氨酚待因,5472
藻酸双脂钠注射液,5473
硫酸羟氯喹片,5474
三磷酸腺苷二钠,5475
注射用利巴韦林,5476
四维钙片,5477
硫酸妥布霉素注射液,5478
水杨酸冰醋酸溶液,5479
妇科肿瘤,5480
硫酸亚铁缓释片,5481
疱疹,5482
风热感冒,5483
盐酸喹那普利片,5484
酮康他索乳膏,5485
醋酸去氨加压素,5486
尼群地平贴片,5487
L-门冬氨酸氨氯地平,5488
注射用美洛西林钠舒巴坦钠,5489
消化系统感染,5490
多发性肌炎,5491
易栓症,5492
Ⅱ型糖尿病,5493
磷霉素钙甲氧苄啶胶囊,5494
抗滴虫病药,5495
罗红霉素颗粒剂,5496
皮肤真菌病,5497
盐酸多柔比星注射液,5498
异丙嗪,5499
胃肠解痉药,5500
盐酸硫利达嗪,5501
硝苯地平胶丸,5502
利巴韦林葡萄糖,5503
氟奋乃静,5504
